age,gender,haoxin_yijiantong,mobile_network_registered,mobile_realname_verification,fraud_risk,identity_feature_score,contract_ability_score,default_risk_score,consumer_preference_score,behavior_feature_score,social_influence_score,growth_potential_score,institution_industry,hit_institutions_count,hit_banks_count,hit_consumer_finance_count,hit_microloan_count,institution_query_total,institution_query_3m,institution_query_6m,haoxin_risk_score,haoxin_litigation_score,overall_score
30.0,0,0,0,0,0.0,92.0,91.0,71.0,89.0,86.0,49.0,88.0,1.0,7.0,0.0,1.0,4.0,9.0,1.0,2.0,0.0,0.0,540.0
30.0,0,0,1,0,0.0,90.0,88.0,43.0,87.0,86.0,49.0,85.0,2.0,36.0,2.0,3.0,24.0,84.0,0.0,8.0,0.0,0.0,390.0
32.0,0,0,0,0,0.0,91.0,83.0,44.0,80.0,86.0,49.0,88.0,0.0,34.0,0.0,3.0,23.0,64.0,1.0,1.0,0.0,1.0,411.0
22.0,1,0,0,0,0.0,87.0,90.0,70.0,89.0,88.0,49.0,85.0,1.0,6.0,1.0,1.0,2.0,10.0,1.0,5.0,0.0,0.0,523.0
20.0,0,0,0,0,0.0,63.0,89.0,44.0,95.0,87.0,57.0,85.0,1.0,19.0,1.0,2.0,13.0,38.0,4.0,7.0,0.0,0.0,409.0
27.0,0,0,0,0,0.0,91.0,87.0,78.0,94.0,87.0,59.0,88.0,1.0,11.0,0.0,1.0,9.0,16.0,0.0,2.0,85.0,0.0,495.0
31.0,0,1,0,1,0.0,86.0,79.0,74.0,80.0,87.0,49.0,88.0,2.0,35.0,1.0,2.0,23.0,108.0,10.0,29.0,0.0,0.0,464.0
34.0,0,0,0,0,0.0,91.0,61.0,66.0,87.0,86.0,49.0,85.0,1.0,7.0,0.0,0.0,5.0,12.0,1.0,1.0,0.0,0.0,498.0
31.0,0,1,0,1,0.0,90.0,67.0,51.0,92.0,86.0,57.0,85.0,0.0,17.0,0.0,1.0,12.0,24.0,8.0,11.0,0.0,0.0,404.0
29.0,0,0,0,0,0.0,96.0,74.0,89.0,94.0,71.0,49.0,88.0,3.0,5.0,1.0,1.0,2.0,5.0,0.0,0.0,0.0,0.0,639.0
32.0,0,0,0,0,0.0,86.0,64.0,66.0,86.0,86.0,49.0,85.0,1.0,20.0,0.0,3.0,11.0,31.0,0.0,1.0,0.0,0.0,457.0
35.0,1,1,1,1,0.0,92.0,96.0,55.0,94.0,90.0,49.0,88.0,2.0,8.0,0.0,0.0,6.0,9.0,1.0,1.0,0.0,7.0,500.0
39.0,0,0,0,0,0.0,90.0,70.0,61.0,82.0,86.0,49.0,85.0,1.0,35.0,2.0,0.0,28.0,88.0,0.0,0.0,30.0,0.0,465.0
31.0,1,0,0,0,0.0,90.0,87.0,33.0,96.0,89.0,49.0,85.0,0.0,13.0,0.0,0.0,11.0,28.0,6.0,9.0,0.0,0.0,510.0
30.0,0,0,0,0,0.0,94.0,67.0,74.0,94.0,87.0,49.0,85.0,1.0,11.0,1.0,2.0,7.0,19.0,4.0,4.0,0.0,0.0,512.0
37.0,0,0,0,0,0.0,91.0,91.0,40.0,89.0,88.0,49.0,85.0,1.0,34.0,1.0,6.0,22.0,91.0,18.0,30.0,14.0,0.0,375.0
28.0,0,0,0,0,0.0,84.0,79.0,86.0,87.0,87.0,49.0,85.0,1.0,30.0,3.0,4.0,17.0,69.0,5.0,23.0,0.0,0.0,515.0
27.0,0,0,1,0,0.0,76.0,55.0,59.0,87.0,86.0,57.0,88.0,6.0,25.0,0.0,3.0,13.0,40.0,0.0,0.0,0.0,3.0,375.0
29.0,0,0,0,0,0.0,90.0,72.0,41.0,92.0,92.0,49.0,88.0,1.0,8.0,0.0,0.0,4.0,11.0,0.0,2.0,0.0,0.0,445.0
34.0,0,0,0,0,0.0,90.0,84.0,72.0,83.0,87.0,49.0,85.0,3.0,6.0,1.0,1.0,3.0,8.0,0.0,0.0,0.0,0.0,525.0
34.0,0,0,0,0,0.0,89.0,57.0,56.0,60.0,86.0,48.0,85.0,1.0,8.0,0.0,2.0,4.0,27.0,3.0,7.0,0.0,0.0,358.0
46.0,0,1,0,1,0.0,98.0,85.0,94.0,97.0,78.0,49.0,85.0,1.0,1.0,0.0,0.0,1.0,1.0,0.0,0.0,0.0,0.0,632.0
23.0,1,0,1,0,0.0,83.0,78.0,28.0,89.0,86.0,49.0,85.0,2.0,25.0,2.0,4.0,17.0,47.0,7.0,13.0,0.0,0.0,438.0
38.0,0,0,1,0,0.0,90.0,96.0,89.0,95.0,81.0,49.0,85.0,0.0,2.0,0.0,0.0,1.0,2.0,0.0,0.0,0.0,0.0,637.0
48.0,1,0,0,0,0.0,67.0,45.0,82.0,88.0,86.0,49.0,85.0,6.0,3.0,0.0,0.0,1.0,3.0,0.0,0.0,0.0,0.0,554.0
30.0,0,0,0,0,1.0,93.0,71.0,55.0,78.0,87.0,61.0,88.0,2.0,16.0,1.0,3.0,9.0,36.0,9.0,13.0,0.0,0.0,358.0
33.0,0,0,0,0,0.0,95.0,80.0,70.0,97.0,87.0,49.0,85.0,1.0,35.0,1.0,4.0,25.0,79.0,2.0,10.0,10.0,0.0,509.0
29.0,1,0,1,0,0.0,77.0,94.0,60.0,83.0,87.0,49.0,88.0,1.0,22.0,0.0,2.0,15.0,32.0,0.0,0.0,0.0,0.0,487.0
31.0,0,0,0,0,0.0,88.0,60.0,75.0,21.0,95.0,49.0,85.0,2.0,2.0,0.0,0.0,2.0,3.0,2.0,2.0,0.0,0.0,453.0
23.0,0,0,0,0,0.0,92.0,93.0,64.0,94.0,86.0,49.0,88.0,2.0,20.0,0.0,1.0,13.0,40.0,2.0,2.0,0.0,0.0,549.0
31.0,0,0,0,0,0.0,95.0,95.0,65.0,94.0,87.0,49.0,88.0,2.0,7.0,0.0,1.0,5.0,9.0,0.0,3.0,0.0,0.0,506.0
32.0,0,1,1,1,0.0,86.0,63.0,65.0,92.0,86.0,49.0,85.0,1.0,16.0,1.0,0.0,12.0,30.0,0.0,0.0,183.0,0.0,463.0
36.0,0,0,0,0,0.0,96.0,59.0,41.0,90.0,89.0,49.0,85.0,2.0,8.0,0.0,0.0,8.0,11.0,1.0,5.0,30.0,0.0,471.0
27.0,0,0,0,0,0.0,96.0,82.0,60.0,96.0,81.0,49.0,85.0,2.0,7.0,0.0,1.0,5.0,8.0,0.0,1.0,0.0,0.0,429.0
26.0,1,0,0,0,0.0,93.0,19.0,20.0,95.0,96.0,49.0,85.0,3.0,33.0,1.0,4.0,19.0,66.0,4.0,11.0,25.0,0.0,358.0
41.0,0,0,1,0,0.0,93.0,72.0,43.0,95.0,90.0,48.0,92.0,2.0,34.0,0.0,4.0,23.0,85.0,0.0,0.0,0.0,0.0,449.0
34.0,0,0,0,0,0.0,78.0,69.0,62.0,95.0,88.0,53.0,85.0,1.0,14.0,1.0,0.0,11.0,20.0,2.0,3.0,0.0,0.0,460.0
30.0,0,0,0,0,0.0,91.0,77.0,75.0,90.0,47.0,49.0,88.0,0.0,1.0,0.0,0.0,0.0,2.0,0.0,0.0,0.0,2.0,553.0
26.0,0,0,0,0,0.0,86.0,60.0,54.0,84.0,86.0,49.0,85.0,4.0,15.0,0.0,2.0,7.0,20.0,0.0,0.0,0.0,0.0,445.0
39.0,0,0,0,0,0.0,86.0,48.0,53.0,97.0,89.0,59.0,84.0,1.0,22.0,0.0,1.0,19.0,34.0,4.0,6.0,89.0,0.0,481.0
30.0,0,0,0,0,0.0,90.0,69.0,24.0,90.0,90.0,57.0,85.0,1.0,27.0,0.0,4.0,17.0,55.0,6.0,14.0,0.0,0.0,396.0
26.0,0,0,0,0,0.0,92.0,89.0,89.0,94.0,86.0,49.0,88.0,6.0,2.0,0.0,0.0,1.0,2.0,0.0,0.0,0.0,0.0,637.0
36.0,0,1,1,1,0.0,90.0,90.0,53.0,89.0,80.0,49.0,85.0,0.0,25.0,0.0,2.0,16.0,52.0,5.0,9.0,109.0,0.0,358.0
25.0,0,0,1,0,0.0,75.0,82.0,63.0,96.0,86.0,49.0,85.0,0.0,36.0,1.0,5.0,24.0,82.0,1.0,1.0,0.0,0.0,463.0
35.0,0,0,0,0,0.0,90.0,80.0,58.0,93.0,88.0,49.0,85.0,1.0,16.0,0.0,1.0,11.0,26.0,1.0,2.0,0.0,0.0,458.0
31.0,0,0,0,0,0.0,92.0,93.0,22.0,96.0,82.0,49.0,85.0,2.0,12.0,0.0,0.0,9.0,13.0,9.0,9.0,0.0,0.0,388.0
31.0,0,0,0,0,0.0,92.0,94.0,51.0,91.0,87.0,49.0,85.0,1.0,21.0,1.0,0.0,14.0,49.0,3.0,4.0,146.0,0.0,400.0
35.0,0,1,0,1,0.0,87.0,70.0,76.0,96.0,87.0,49.0,85.0,4.0,4.0,0.0,1.0,2.0,5.0,0.0,0.0,0.0,0.0,542.0
29.0,0,0,0,0,0.0,94.0,64.0,53.0,91.0,86.0,49.0,85.0,0.0,34.0,0.0,2.0,21.0,94.0,0.0,18.0,0.0,0.0,402.0
29.0,0,0,0,0,0.0,89.0,88.0,70.0,85.0,87.0,49.0,85.0,1.0,24.0,2.0,1.0,18.0,55.0,0.0,0.0,0.0,0.0,460.0
43.0,0,0,0,0,0.0,91.0,60.0,87.0,89.0,95.0,49.0,85.0,1.0,7.0,1.0,1.0,4.0,18.0,4.0,5.0,10.0,0.0,506.0
30.0,1,1,0,1,0.0,81.0,82.0,41.0,78.0,86.0,49.0,88.0,1.0,31.0,2.0,3.0,19.0,57.0,6.0,9.0,0.0,0.0,385.0
29.0,0,0,0,0,0.0,88.0,89.0,24.0,86.0,87.0,49.0,85.0,2.0,28.0,0.0,3.0,20.0,87.0,12.0,26.0,0.0,0.0,358.0
27.0,0,0,0,0,0.0,82.0,44.0,19.0,86.0,86.0,49.0,85.0,2.0,15.0,0.0,2.0,8.0,31.0,0.0,8.0,0.0,0.0,358.0
25.0,0,1,0,1,0.0,86.0,71.0,77.0,90.0,87.0,49.0,85.0,5.0,20.0,0.0,3.0,12.0,60.0,9.0,20.0,0.0,0.0,419.0
37.0,0,0,0,0,0.0,90.0,74.0,75.0,92.0,89.0,49.0,85.0,4.0,33.0,1.0,3.0,18.0,90.0,0.0,1.0,188.0,0.0,389.0
22.0,0,1,1,1,0.0,84.0,72.0,59.0,94.0,87.0,49.0,88.0,6.0,5.0,0.0,0.0,3.0,7.0,0.0,0.0,0.0,0.0,534.0
22.0,0,0,0,0,0.0,93.0,85.0,63.0,94.0,86.0,49.0,88.0,2.0,22.0,1.0,1.0,17.0,50.0,0.0,0.0,0.0,0.0,448.0
24.0,0,0,1,0,0.0,94.0,86.0,33.0,92.0,87.0,49.0,85.0,2.0,7.0,1.0,1.0,5.0,7.0,2.0,5.0,0.0,0.0,363.0
26.0,1,0,0,0,0.0,74.0,74.0,29.0,96.0,89.0,49.0,85.0,2.0,19.0,0.0,1.0,13.0,27.0,0.0,2.0,70.0,0.0,480.0
23.0,0,1,0,1,0.0,85.0,64.0,63.0,95.0,87.0,49.0,85.0,1.0,15.0,0.0,0.0,12.0,32.0,1.0,1.0,0.0,0.0,508.0
33.0,0,0,0,0,0.0,86.0,60.0,69.0,91.0,86.0,49.0,85.0,4.0,29.0,1.0,3.0,20.0,74.0,2.0,3.0,0.0,0.0,484.0
24.0,1,1,0,1,0.0,93.0,69.0,74.0,94.0,86.0,49.0,85.0,5.0,9.0,1.0,1.0,3.0,25.0,0.0,1.0,0.0,0.0,514.0
30.0,0,1,0,1,0.0,90.0,78.0,82.0,93.0,87.0,49.0,85.0,0.0,1.0,0.0,0.0,0.0,1.0,0.0,0.0,10.0,0.0,564.0
33.0,0,0,0,0,0.0,90.0,87.0,72.0,94.0,88.0,49.0,85.0,2.0,13.0,0.0,0.0,9.0,18.0,0.0,0.0,359.0,0.0,507.0
32.0,0,0,0,0,0.0,94.0,91.0,35.0,95.0,88.0,49.0,88.0,1.0,7.0,0.0,0.0,5.0,8.0,0.0,3.0,0.0,0.0,506.0
20.0,0,0,0,0,0.0,95.0,89.0,43.0,94.0,87.0,49.0,88.0,2.0,10.0,0.0,1.0,7.0,15.0,5.0,8.0,0.0,0.0,525.0
24.0,0,0,0,0,0.0,94.0,75.0,69.0,91.0,86.0,49.0,85.0,1.0,6.0,2.0,0.0,3.0,6.0,0.0,0.0,0.0,0.0,567.0
31.0,0,0,0,0,0.0,84.0,77.0,74.0,95.0,87.0,49.0,85.0,0.0,19.0,1.0,3.0,12.0,42.0,10.0,20.0,0.0,0.0,424.0
30.0,0,0,0,0,0.0,94.0,95.0,89.0,94.0,86.0,49.0,88.0,2.0,1.0,0.0,0.0,1.0,1.0,0.0,0.0,0.0,0.0,652.0
33.0,0,1,0,1,0.0,87.0,48.0,62.0,96.0,86.0,49.0,85.0,4.0,13.0,1.0,1.0,5.0,18.0,3.0,3.0,0.0,0.0,437.0
28.0,0,1,0,1,0.0,97.0,67.0,73.0,95.0,86.0,49.0,85.0,3.0,3.0,2.0,0.0,1.0,4.0,0.0,2.0,0.0,0.0,580.0
26.0,1,0,0,0,0.0,76.0,93.0,40.0,80.0,87.0,49.0,88.0,0.0,26.0,1.0,0.0,20.0,43.0,0.0,1.0,140.0,0.0,451.0
27.0,0,0,0,0,0.0,84.0,82.0,29.0,80.0,90.0,49.0,85.0,5.0,9.0,0.0,3.0,5.0,20.0,5.0,13.0,0.0,0.0,468.0
39.0,0,0,0,0,0.0,94.0,92.0,75.0,96.0,89.0,49.0,85.0,1.0,4.0,0.0,0.0,4.0,5.0,0.0,0.0,0.0,0.0,597.0
30.0,0,0,0,0,0.0,83.0,73.0,32.0,93.0,89.0,49.0,85.0,1.0,31.0,0.0,4.0,22.0,75.0,2.0,4.0,0.0,0.0,358.0
29.0,0,1,1,1,0.0,89.0,83.0,53.0,93.0,86.0,49.0,85.0,2.0,19.0,0.0,1.0,13.0,37.0,0.0,0.0,76.0,0.0,456.0
51.0,0,1,0,1,0.0,85.0,27.0,63.0,91.0,87.0,49.0,88.0,6.0,12.0,0.0,0.0,8.0,18.0,0.0,0.0,112.0,0.0,545.0
21.0,0,0,0,0,0.0,90.0,84.0,60.0,89.0,87.0,49.0,85.0,5.0,13.0,1.0,2.0,8.0,43.0,2.0,3.0,0.0,0.0,468.0
26.0,0,1,0,1,0.0,88.0,88.0,28.0,92.0,86.0,49.0,88.0,2.0,15.0,0.0,1.0,9.0,17.0,0.0,2.0,40.0,0.0,410.0
27.0,0,0,0,0,0.0,97.0,51.0,66.0,93.0,82.0,49.0,85.0,1.0,22.0,1.0,4.0,14.0,63.0,1.0,2.0,0.0,0.0,456.0
36.0,0,0,0,0,0.0,91.0,44.0,76.0,93.0,87.0,49.0,85.0,1.0,40.0,1.0,7.0,27.0,93.0,1.0,5.0,0.0,0.0,358.0
23.0,0,0,0,0,0.0,95.0,89.0,66.0,73.0,88.0,50.0,85.0,1.0,13.0,1.0,1.0,7.0,24.0,0.0,2.0,0.0,0.0,463.0
24.0,0,0,0,0,0.0,88.0,82.0,66.0,90.0,88.0,49.0,85.0,2.0,28.0,1.0,2.0,20.0,74.0,0.0,0.0,0.0,0.0,407.0
31.0,0,1,0,1,0.0,90.0,59.0,52.0,90.0,86.0,49.0,85.0,5.0,6.0,0.0,1.0,4.0,15.0,1.0,4.0,0.0,0.0,407.0
30.0,0,0,0,0,0.0,78.0,87.0,82.0,87.0,79.0,59.0,85.0,1.0,26.0,1.0,3.0,17.0,89.0,7.0,14.0,0.0,0.0,358.0
29.0,0,1,1,1,0.0,87.0,57.0,37.0,94.0,87.0,49.0,85.0,2.0,26.0,0.0,0.0,19.0,66.0,0.0,0.0,31.0,0.0,358.0
25.0,0,1,0,1,0.0,86.0,80.0,74.0,90.0,87.0,49.0,88.0,2.0,24.0,1.0,1.0,17.0,84.0,8.0,25.0,0.0,0.0,482.0
29.0,1,0,0,0,0.0,69.0,59.0,56.0,91.0,87.0,49.0,85.0,1.0,24.0,1.0,1.0,16.0,51.0,0.0,0.0,60.0,0.0,468.0
23.0,0,0,0,0,0.0,96.0,80.0,77.0,96.0,87.0,49.0,85.0,2.0,17.0,0.0,0.0,13.0,54.0,8.0,18.0,0.0,0.0,500.0
33.0,0,1,0,1,0.0,83.0,77.0,75.0,86.0,86.0,49.0,85.0,4.0,6.0,1.0,1.0,2.0,7.0,0.0,0.0,87.0,0.0,481.0
31.0,0,0,0,0,0.0,84.0,84.0,38.0,87.0,87.0,49.0,88.0,1.0,5.0,0.0,1.0,4.0,13.0,2.0,5.0,0.0,0.0,491.0
28.0,0,0,0,0,0.0,86.0,69.0,63.0,82.0,87.0,61.0,85.0,1.0,26.0,1.0,2.0,17.0,61.0,0.0,0.0,0.0,0.0,453.0
30.0,0,0,0,0,0.0,91.0,28.0,69.0,92.0,92.0,49.0,88.0,1.0,31.0,1.0,1.0,23.0,64.0,4.0,4.0,23.0,0.0,427.0
40.0,0,0,0,0,0.0,97.0,39.0,41.0,94.0,91.0,49.0,75.0,1.0,19.0,2.0,2.0,13.0,72.0,0.0,0.0,40.0,0.0,467.0
29.0,1,1,1,1,0.0,89.0,55.0,70.0,96.0,87.0,49.0,85.0,1.0,14.0,1.0,0.0,9.0,17.0,0.0,0.0,0.0,0.0,494.0
23.0,0,0,0,0,0.0,89.0,92.0,49.0,78.0,86.0,57.0,77.0,1.0,14.0,1.0,1.0,7.0,40.0,1.0,4.0,0.0,0.0,390.0
30.0,0,1,0,1,0.0,90.0,45.0,72.0,94.0,75.0,49.0,85.0,2.0,24.0,0.0,1.0,19.0,39.0,1.0,1.0,164.0,0.0,490.0
43.0,1,1,1,1,0.0,90.0,84.0,52.0,86.0,86.0,49.0,85.0,1.0,6.0,0.0,0.0,5.0,6.0,1.0,2.0,0.0,3.0,388.0
27.0,0,0,1,0,0.0,86.0,64.0,74.0,95.0,87.0,61.0,85.0,2.0,28.0,1.0,2.0,20.0,85.0,13.0,28.0,0.0,0.0,478.0
32.0,0,0,0,0,0.0,93.0,68.0,60.0,84.0,97.0,49.0,85.0,2.0,6.0,0.0,1.0,4.0,16.0,1.0,2.0,10.0,0.0,458.0
28.0,0,0,1,0,0.0,94.0,45.0,74.0,96.0,86.0,49.0,85.0,1.0,33.0,1.0,6.0,18.0,73.0,8.0,16.0,0.0,0.0,482.0
27.0,0,0,0,0,0.0,95.0,91.0,77.0,95.0,88.0,49.0,85.0,5.0,3.0,0.0,0.0,2.0,21.0,0.0,0.0,0.0,0.0,603.0
28.0,0,0,0,0,0.0,90.0,60.0,31.0,95.0,87.0,49.0,85.0,1.0,25.0,2.0,3.0,15.0,58.0,3.0,8.0,41.0,0.0,358.0
36.0,0,0,1,0,0.0,83.0,23.0,70.0,92.0,86.0,49.0,85.0,1.0,29.0,2.0,1.0,20.0,56.0,0.0,0.0,351.0,4.0,358.0
23.0,1,1,0,1,0.0,90.0,89.0,94.0,95.0,87.0,49.0,85.0,6.0,1.0,0.0,0.0,0.0,1.0,0.0,0.0,0.0,0.0,576.0
37.0,0,1,0,1,0.0,97.0,42.0,79.0,95.0,97.0,57.0,85.0,1.0,6.0,0.0,0.0,5.0,9.0,1.0,2.0,10.0,2.0,516.0
29.0,0,0,0,0,0.0,89.0,49.0,51.0,90.0,87.0,49.0,85.0,2.0,20.0,0.0,2.0,15.0,29.0,1.0,3.0,61.0,0.0,369.0
38.0,0,0,0,0,0.0,92.0,88.0,94.0,97.0,96.0,49.0,85.0,1.0,1.0,0.0,0.0,1.0,1.0,0.0,0.0,0.0,0.0,736.0
31.0,0,0,1,0,0.0,86.0,87.0,63.0,85.0,87.0,49.0,88.0,1.0,23.0,0.0,0.0,16.0,61.0,0.0,0.0,0.0,0.0,464.0
25.0,0,1,1,1,0.0,89.0,50.0,60.0,91.0,87.0,49.0,88.0,1.0,13.0,0.0,1.0,7.0,56.0,0.0,0.0,0.0,0.0,371.0
39.0,0,0,1,0,0.0,86.0,84.0,45.0,86.0,87.0,49.0,88.0,5.0,17.0,0.0,0.0,10.0,24.0,0.0,0.0,50.0,0.0,446.0
25.0,0,0,0,0,0.0,89.0,71.0,49.0,86.0,86.0,49.0,88.0,1.0,26.0,2.0,3.0,15.0,61.0,12.0,19.0,10.0,0.0,429.0
36.0,1,1,1,1,0.0,74.0,58.0,46.0,64.0,93.0,57.0,85.0,1.0,6.0,1.0,0.0,4.0,7.0,0.0,1.0,73.0,0.0,358.0
23.0,0,0,0,0,0.0,88.0,54.0,60.0,91.0,86.0,49.0,88.0,1.0,9.0,1.0,0.0,5.0,11.0,0.0,0.0,0.0,0.0,456.0
28.0,0,0,0,0,0.0,89.0,82.0,91.0,93.0,85.0,49.0,85.0,2.0,15.0,0.0,2.0,11.0,31.0,11.0,18.0,0.0,0.0,541.0
35.0,0,1,0,1,0.0,89.0,66.0,52.0,89.0,89.0,49.0,85.0,1.0,19.0,0.0,3.0,12.0,43.0,0.0,2.0,25.0,0.0,374.0
33.0,1,1,0,1,0.0,86.0,89.0,32.0,90.0,86.0,49.0,88.0,2.0,15.0,1.0,1.0,8.0,19.0,4.0,6.0,0.0,0.0,377.0
25.0,0,1,1,1,0.0,86.0,57.0,82.0,89.0,87.0,49.0,88.0,1.0,28.0,1.0,3.0,17.0,70.0,9.0,17.0,0.0,0.0,488.0
29.0,0,0,0,0,0.0,85.0,92.0,55.0,94.0,87.0,49.0,85.0,2.0,20.0,1.0,3.0,13.0,47.0,3.0,5.0,0.0,0.0,407.0
40.0,0,0,0,0,0.0,81.0,56.0,26.0,90.0,94.0,49.0,85.0,2.0,38.0,1.0,2.0,26.0,130.0,8.0,26.0,0.0,0.0,463.0
31.0,0,0,0,0,0.0,91.0,55.0,71.0,94.0,87.0,49.0,88.0,1.0,24.0,1.0,1.0,16.0,64.0,0.0,3.0,0.0,0.0,381.0
31.0,0,0,1,0,0.0,93.0,96.0,66.0,95.0,93.0,49.0,88.0,1.0,12.0,0.0,2.0,8.0,17.0,0.0,0.0,0.0,0.0,585.0
28.0,0,0,0,0,0.0,91.0,82.0,72.0,86.0,86.0,49.0,88.0,1.0,1.0,0.0,0.0,1.0,1.0,1.0,1.0,0.0,0.0,571.0
32.0,0,0,0,0,0.0,88.0,84.0,59.0,88.0,89.0,49.0,85.0,4.0,5.0,0.0,2.0,3.0,5.0,0.0,0.0,0.0,0.0,501.0
33.0,0,1,0,1,0.0,92.0,80.0,43.0,91.0,87.0,49.0,88.0,4.0,34.0,1.0,3.0,20.0,71.0,0.0,0.0,295.0,3.0,401.0
22.0,0,0,0,0,0.0,92.0,74.0,60.0,83.0,87.0,61.0,85.0,3.0,13.0,1.0,0.0,9.0,21.0,0.0,1.0,67.0,0.0,494.0
24.0,0,1,0,1,0.0,86.0,56.0,67.0,90.0,87.0,49.0,85.0,2.0,5.0,0.0,0.0,4.0,21.0,6.0,6.0,0.0,0.0,515.0
24.0,0,0,0,0,0.0,88.0,87.0,63.0,91.0,86.0,56.0,85.0,4.0,19.0,1.0,4.0,9.0,30.0,0.0,0.0,0.0,0.0,480.0
44.0,0,0,0,0,0.0,72.0,30.0,18.0,45.0,95.0,49.0,87.0,1.0,27.0,2.0,3.0,15.0,79.0,6.0,12.0,0.0,0.0,358.0
38.0,0,1,1,1,0.0,91.0,37.0,60.0,90.0,91.0,49.0,88.0,1.0,15.0,0.0,0.0,12.0,25.0,0.0,0.0,0.0,40.0,358.0
34.0,0,0,0,0,0.0,92.0,89.0,68.0,94.0,87.0,49.0,88.0,2.0,7.0,0.0,0.0,5.0,10.0,1.0,1.0,0.0,0.0,540.0
34.0,0,0,1,0,0.0,84.0,93.0,69.0,91.0,86.0,49.0,85.0,5.0,17.0,1.0,0.0,11.0,35.0,1.0,1.0,157.0,1.0,386.0
22.0,0,1,0,1,0.0,73.0,86.0,61.0,94.0,86.0,49.0,88.0,5.0,12.0,1.0,0.0,7.0,18.0,0.0,0.0,0.0,0.0,456.0
25.0,0,0,0,0,0.0,90.0,75.0,79.0,90.0,87.0,49.0,85.0,0.0,2.0,0.0,0.0,1.0,3.0,0.0,0.0,0.0,0.0,565.0
32.0,0,0,1,0,0.0,83.0,77.0,75.0,90.0,87.0,49.0,85.0,5.0,35.0,0.0,5.0,22.0,97.0,1.0,4.0,0.0,0.0,395.0
30.0,0,0,0,0,0.0,94.0,62.0,43.0,90.0,88.0,60.0,85.0,1.0,36.0,0.0,3.0,23.0,115.0,11.0,20.0,10.0,0.0,358.0
41.0,0,0,0,0,0.0,86.0,66.0,84.0,89.0,88.0,49.0,85.0,1.0,7.0,1.0,1.0,2.0,7.0,1.0,2.0,0.0,0.0,538.0
22.0,0,0,0,0,0.0,90.0,89.0,40.0,94.0,87.0,49.0,88.0,1.0,10.0,0.0,1.0,7.0,24.0,1.0,6.0,0.0,0.0,407.0
35.0,0,1,1,1,0.0,94.0,89.0,71.0,96.0,89.0,49.0,85.0,0.0,8.0,0.0,1.0,4.0,11.0,0.0,0.0,0.0,0.0,569.0
49.0,0,0,0,0,0.0,61.0,71.0,32.0,83.0,86.0,49.0,85.0,0.0,29.0,0.0,4.0,19.0,75.0,7.0,15.0,0.0,0.0,358.0
37.0,0,1,0,1,0.0,90.0,65.0,69.0,93.0,87.0,49.0,85.0,1.0,44.0,1.0,7.0,29.0,92.0,1.0,5.0,0.0,0.0,358.0
43.0,0,0,0,0,0.0,91.0,85.0,63.0,84.0,87.0,49.0,88.0,1.0,40.0,0.0,3.0,26.0,109.0,0.0,2.0,58.0,0.0,398.0
22.0,0,1,0,1,0.0,89.0,72.0,61.0,94.0,87.0,49.0,88.0,4.0,5.0,0.0,1.0,5.0,12.0,0.0,0.0,0.0,0.0,539.0
21.0,0,0,0,0,0.0,93.0,87.0,74.0,94.0,86.0,49.0,88.0,3.0,7.0,1.0,0.0,3.0,8.0,0.0,1.0,11.0,0.0,591.0
50.0,0,1,0,1,0.0,96.0,28.0,62.0,47.0,91.0,48.0,85.0,0.0,12.0,0.0,0.0,11.0,19.0,0.0,0.0,135.0,0.0,373.0
27.0,0,0,0,0,0.0,94.0,79.0,66.0,85.0,86.0,49.0,88.0,2.0,36.0,2.0,2.0,25.0,68.0,0.0,0.0,0.0,0.0,478.0
25.0,0,1,0,1,0.0,92.0,77.0,76.0,94.0,86.0,49.0,88.0,1.0,3.0,0.0,0.0,2.0,5.0,0.0,0.0,0.0,0.0,602.0
22.0,0,0,0,0,0.0,83.0,77.0,52.0,80.0,87.0,49.0,85.0,1.0,26.0,2.0,4.0,15.0,62.0,2.0,4.0,0.0,0.0,430.0
48.0,0,1,1,1,0.0,85.0,58.0,40.0,91.0,69.0,49.0,85.0,1.0,19.0,1.0,0.0,12.0,26.0,1.0,3.0,50.0,0.0,358.0
25.0,0,1,0,1,0.0,82.0,92.0,79.0,93.0,87.0,49.0,77.0,1.0,7.0,0.0,1.0,4.0,7.0,1.0,1.0,63.0,0.0,502.0
30.0,0,1,1,1,0.0,91.0,86.0,60.0,94.0,86.0,49.0,88.0,2.0,10.0,0.0,1.0,7.0,11.0,0.0,0.0,0.0,0.0,466.0
27.0,0,0,0,0,0.0,86.0,87.0,76.0,90.0,86.0,49.0,85.0,2.0,7.0,1.0,0.0,4.0,8.0,0.0,0.0,104.0,0.0,487.0
27.0,0,1,1,1,0.0,85.0,49.0,67.0,85.0,87.0,49.0,85.0,5.0,37.0,2.0,3.0,23.0,94.0,0.0,1.0,0.0,0.0,365.0
23.0,0,0,1,0,0.0,92.0,89.0,69.0,94.0,86.0,49.0,88.0,1.0,17.0,0.0,3.0,10.0,33.0,1.0,1.0,0.0,0.0,505.0
39.0,0,1,0,1,0.0,91.0,89.0,67.0,93.0,86.0,49.0,88.0,4.0,2.0,0.0,1.0,1.0,2.0,0.0,0.0,0.0,8.0,532.0
31.0,0,0,0,0,0.0,89.0,89.0,72.0,94.0,87.0,49.0,88.0,4.0,2.0,0.0,1.0,1.0,2.0,0.0,0.0,0.0,0.0,577.0
24.0,0,0,0,0,0.0,87.0,77.0,28.0,88.0,89.0,49.0,85.0,4.0,24.0,1.0,3.0,17.0,41.0,3.0,9.0,0.0,0.0,358.0
32.0,1,0,0,0,0.0,96.0,78.0,60.0,89.0,77.0,51.0,85.0,2.0,14.0,0.0,2.0,8.0,21.0,4.0,6.0,0.0,0.0,439.0
31.0,0,1,0,1,0.0,86.0,77.0,49.0,91.0,87.0,57.0,85.0,1.0,35.0,1.0,3.0,22.0,75.0,0.0,0.0,123.0,0.0,530.0
28.0,0,1,1,1,0.0,88.0,89.0,54.0,94.0,87.0,49.0,88.0,0.0,10.0,0.0,0.0,7.0,17.0,0.0,0.0,0.0,0.0,484.0
27.0,1,1,1,1,0.0,86.0,85.0,58.0,92.0,89.0,49.0,88.0,2.0,7.0,1.0,0.0,5.0,8.0,0.0,0.0,0.0,0.0,450.0
23.0,0,0,0,0,0.0,92.0,90.0,83.0,94.0,86.0,49.0,88.0,0.0,4.0,0.0,1.0,1.0,6.0,0.0,2.0,0.0,0.0,611.0
51.0,0,0,0,0,0.0,92.0,62.0,71.0,85.0,27.0,61.0,85.0,1.0,9.0,1.0,1.0,4.0,24.0,0.0,2.0,0.0,1.0,384.0
41.0,0,0,0,0,0.0,94.0,89.0,64.0,94.0,87.0,49.0,88.0,4.0,9.0,0.0,1.0,7.0,24.0,6.0,10.0,0.0,0.0,484.0
25.0,0,1,0,1,0.0,93.0,67.0,19.0,86.0,88.0,49.0,85.0,2.0,18.0,1.0,2.0,12.0,31.0,3.0,15.0,0.0,0.0,449.0
26.0,1,1,0,1,0.0,91.0,87.0,64.0,89.0,90.0,65.0,85.0,5.0,29.0,1.0,2.0,19.0,72.0,0.0,1.0,0.0,0.0,514.0
30.0,0,0,0,0,0.0,89.0,29.0,57.0,85.0,73.0,49.0,85.0,1.0,17.0,0.0,1.0,13.0,19.0,0.0,0.0,0.0,0.0,539.0
29.0,1,1,0,1,0.0,79.0,63.0,57.0,68.0,88.0,49.0,85.0,6.0,16.0,1.0,0.0,10.0,26.0,0.0,2.0,20.0,0.0,516.0
23.0,0,1,1,1,0.0,90.0,70.0,54.0,78.0,96.0,49.0,85.0,1.0,8.0,1.0,0.0,7.0,8.0,0.0,0.0,10.0,0.0,440.0
36.0,1,1,0,1,0.0,93.0,87.0,74.0,95.0,87.0,49.0,85.0,2.0,1.0,0.0,0.0,1.0,1.0,0.0,0.0,0.0,0.0,487.0
21.0,0,1,0,1,0.0,92.0,86.0,50.0,96.0,86.0,49.0,85.0,2.0,21.0,2.0,2.0,14.0,43.0,2.0,9.0,25.0,0.0,373.0
23.0,0,0,0,0,0.0,88.0,86.0,44.0,87.0,86.0,60.0,85.0,2.0,40.0,4.0,3.0,23.0,114.0,16.0,34.0,0.0,0.0,368.0
37.0,1,0,0,0,0.0,90.0,94.0,29.0,97.0,95.0,49.0,85.0,1.0,34.0,0.0,4.0,24.0,112.0,16.0,33.0,0.0,0.0,358.0
29.0,0,0,0,0,0.0,89.0,84.0,43.0,94.0,98.0,49.0,85.0,2.0,9.0,1.0,1.0,5.0,14.0,6.0,8.0,42.0,0.0,370.0
32.0,0,0,0,0,0.0,92.0,91.0,45.0,86.0,90.0,48.0,85.0,1.0,9.0,0.0,2.0,6.0,18.0,0.0,0.0,0.0,1.0,442.0
26.0,0,1,0,1,0.0,92.0,76.0,93.0,94.0,86.0,50.0,88.0,0.0,2.0,0.0,1.0,0.0,2.0,0.0,0.0,0.0,0.0,615.0
40.0,0,0,0,0,0.0,86.0,84.0,45.0,94.0,87.0,49.0,88.0,4.0,26.0,0.0,3.0,19.0,81.0,9.0,14.0,40.0,0.0,361.0
47.0,0,0,1,0,0.0,66.0,33.0,38.0,92.0,86.0,49.0,85.0,2.0,24.0,1.0,2.0,17.0,54.0,0.0,0.0,32.0,0.0,373.0
50.0,0,0,0,0,0.0,87.0,87.0,81.0,95.0,87.0,49.0,85.0,2.0,22.0,1.0,4.0,12.0,50.0,10.0,15.0,0.0,0.0,502.0
33.0,0,0,0,0,0.0,88.0,88.0,36.0,86.0,86.0,57.0,85.0,1.0,33.0,1.0,4.0,22.0,90.0,18.0,35.0,150.0,0.0,385.0
29.0,0,0,1,0,0.0,87.0,46.0,68.0,86.0,87.0,49.0,88.0,1.0,29.0,0.0,1.0,22.0,74.0,0.0,0.0,0.0,3.0,391.0
27.0,1,0,1,0,0.0,81.0,67.0,74.0,93.0,88.0,49.0,85.0,2.0,15.0,1.0,0.0,10.0,23.0,0.0,0.0,0.0,0.0,455.0
33.0,0,0,0,0,0.0,88.0,61.0,47.0,90.0,87.0,49.0,85.0,2.0,38.0,1.0,4.0,25.0,75.0,3.0,7.0,25.0,0.0,416.0
24.0,0,0,0,0,0.0,86.0,89.0,46.0,87.0,87.0,49.0,88.0,1.0,5.0,0.0,1.0,4.0,5.0,0.0,0.0,20.0,0.0,541.0
33.0,0,0,0,0,0.0,91.0,80.0,33.0,88.0,88.0,49.0,88.0,1.0,29.0,1.0,4.0,19.0,85.0,0.0,6.0,0.0,0.0,361.0
24.0,0,1,0,1,0.0,85.0,79.0,68.0,96.0,87.0,49.0,85.0,2.0,24.0,1.0,1.0,14.0,38.0,0.0,0.0,0.0,0.0,483.0
32.0,0,0,0,0,0.0,91.0,84.0,20.0,92.0,86.0,60.0,88.0,5.0,21.0,2.0,3.0,10.0,44.0,1.0,7.0,74.0,0.0,358.0
36.0,0,0,0,0,0.0,93.0,80.0,36.0,92.0,86.0,49.0,85.0,1.0,26.0,1.0,4.0,17.0,50.0,2.0,4.0,42.0,0.0,395.0
28.0,0,0,0,0,0.0,90.0,92.0,57.0,93.0,87.0,57.0,85.0,0.0,19.0,1.0,2.0,12.0,49.0,5.0,9.0,0.0,0.0,403.0
28.0,1,0,0,0,0.0,84.0,86.0,25.0,87.0,94.0,61.0,88.0,2.0,14.0,0.0,2.0,9.0,22.0,7.0,10.0,144.0,0.0,360.0
22.0,1,0,1,0,0.0,79.0,80.0,68.0,87.0,87.0,49.0,88.0,2.0,30.0,1.0,1.0,21.0,57.0,0.0,0.0,0.0,0.0,458.0
28.0,0,0,0,0,0.0,85.0,77.0,63.0,92.0,87.0,49.0,85.0,1.0,12.0,0.0,2.0,8.0,14.0,1.0,1.0,0.0,0.0,398.0
37.0,0,1,1,1,0.0,38.0,73.0,40.0,60.0,92.0,57.0,85.0,2.0,28.0,0.0,4.0,21.0,53.0,1.0,3.0,0.0,0.0,493.0
23.0,0,1,1,1,0.0,86.0,51.0,89.0,80.0,87.0,49.0,88.0,2.0,20.0,1.0,2.0,12.0,33.0,9.0,18.0,0.0,0.0,456.0
48.0,0,0,0,0,0.0,97.0,40.0,44.0,93.0,95.0,49.0,85.0,1.0,10.0,0.0,1.0,9.0,12.0,0.0,2.0,69.0,0.0,447.0
25.0,1,0,0,0,0.0,81.0,78.0,82.0,80.0,83.0,49.0,85.0,0.0,7.0,1.0,1.0,4.0,11.0,1.0,1.0,0.0,0.0,404.0
26.0,0,0,0,0,0.0,92.0,73.0,62.0,94.0,87.0,49.0,88.0,4.0,8.0,0.0,1.0,4.0,16.0,0.0,2.0,0.0,0.0,528.0
29.0,0,1,1,1,0.0,83.0,75.0,54.0,90.0,90.0,49.0,85.0,0.0,26.0,0.0,1.0,19.0,50.0,0.0,0.0,0.0,0.0,436.0
40.0,1,1,0,1,0.0,82.0,90.0,76.0,94.0,86.0,49.0,52.0,3.0,4.0,1.0,1.0,1.0,4.0,0.0,0.0,0.0,0.0,558.0
36.0,0,1,1,1,0.0,90.0,84.0,45.0,93.0,93.0,57.0,85.0,1.0,21.0,2.0,1.0,16.0,33.0,6.0,9.0,0.0,0.0,358.0
43.0,0,0,0,0,0.0,87.0,95.0,34.0,89.0,88.0,49.0,85.0,1.0,28.0,0.0,4.0,19.0,102.0,7.0,18.0,0.0,0.0,358.0
27.0,0,1,0,1,0.0,73.0,66.0,65.0,96.0,88.0,60.0,85.0,1.0,9.0,0.0,1.0,5.0,10.0,0.0,0.0,0.0,0.0,506.0
36.0,0,0,0,0,0.0,95.0,62.0,10.0,88.0,93.0,51.0,85.0,1.0,21.0,3.0,3.0,12.0,32.0,6.0,8.0,0.0,0.0,358.0
29.0,0,0,0,0,0.0,90.0,55.0,53.0,96.0,87.0,49.0,85.0,1.0,21.0,0.0,1.0,14.0,26.0,0.0,1.0,11.0,0.0,371.0
23.0,0,0,0,0,0.0,81.0,72.0,59.0,80.0,76.0,49.0,85.0,1.0,45.0,1.0,4.0,31.0,126.0,0.0,0.0,0.0,0.0,451.0
33.0,0,0,0,0,0.0,87.0,79.0,68.0,88.0,87.0,49.0,85.0,2.0,17.0,1.0,1.0,12.0,31.0,1.0,1.0,0.0,0.0,527.0
31.0,0,1,1,1,0.0,94.0,71.0,73.0,97.0,86.0,49.0,85.0,3.0,3.0,1.0,0.0,1.0,3.0,0.0,0.0,0.0,0.0,581.0
21.0,0,0,0,0,0.0,91.0,95.0,84.0,94.0,86.0,49.0,88.0,1.0,2.0,0.0,0.0,2.0,2.0,2.0,2.0,0.0,0.0,600.0
28.0,1,1,1,1,0.0,92.0,89.0,72.0,96.0,86.0,49.0,85.0,3.0,6.0,1.0,0.0,3.0,6.0,1.0,1.0,0.0,0.0,504.0
36.0,0,0,0,0,0.0,91.0,76.0,87.0,91.0,86.0,49.0,85.0,5.0,46.0,1.0,5.0,31.0,115.0,9.0,26.0,10.0,0.0,490.0
35.0,0,0,0,0,0.0,95.0,75.0,77.0,94.0,86.0,49.0,88.0,1.0,3.0,0.0,0.0,2.0,4.0,0.0,1.0,0.0,0.0,566.0
34.0,0,0,0,0,0.0,89.0,72.0,80.0,87.0,87.0,49.0,77.0,1.0,25.0,2.0,3.0,14.0,45.0,0.0,0.0,0.0,0.0,460.0
34.0,0,0,0,0,0.0,93.0,94.0,78.0,94.0,86.0,49.0,88.0,1.0,2.0,0.0,0.0,1.0,5.0,0.0,2.0,0.0,0.0,603.0
31.0,0,1,1,1,0.0,95.0,91.0,76.0,96.0,89.0,49.0,85.0,1.0,2.0,0.0,0.0,2.0,2.0,0.0,0.0,0.0,0.0,613.0
40.0,0,0,0,0,0.0,94.0,86.0,28.0,93.0,86.0,57.0,85.0,1.0,23.0,1.0,3.0,16.0,56.0,15.0,26.0,0.0,0.0,463.0
27.0,0,0,0,0,0.0,95.0,64.0,62.0,94.0,86.0,49.0,85.0,1.0,12.0,2.0,0.0,9.0,18.0,0.0,1.0,45.0,0.0,373.0
28.0,0,0,0,0,0.0,94.0,86.0,51.0,95.0,79.0,49.0,93.0,0.0,11.0,0.0,1.0,7.0,21.0,0.0,0.0,0.0,0.0,463.0
31.0,0,0,0,0,0.0,89.0,81.0,58.0,90.0,87.0,49.0,85.0,4.0,21.0,1.0,3.0,12.0,47.0,1.0,4.0,0.0,0.0,430.0
42.0,0,0,0,0,0.0,90.0,95.0,84.0,88.0,89.0,49.0,88.0,0.0,6.0,1.0,1.0,2.0,8.0,1.0,3.0,0.0,0.0,511.0
36.0,0,0,0,0,0.0,91.0,73.0,63.0,94.0,86.0,49.0,85.0,1.0,41.0,1.0,4.0,26.0,137.0,7.0,20.0,27.0,0.0,448.0
36.0,0,1,1,1,0.0,91.0,86.0,82.0,92.0,86.0,49.0,85.0,5.0,4.0,0.0,1.0,2.0,4.0,0.0,0.0,222.0,0.0,553.0
32.0,0,0,0,0,0.0,85.0,93.0,35.0,91.0,80.0,49.0,85.0,2.0,14.0,0.0,1.0,11.0,24.0,1.0,2.0,10.0,0.0,358.0
29.0,0,0,0,0,0.0,83.0,52.0,58.0,92.0,87.0,49.0,88.0,2.0,23.0,1.0,1.0,17.0,49.0,0.0,0.0,74.0,0.0,455.0
29.0,0,0,0,0,0.0,94.0,84.0,83.0,94.0,86.0,49.0,88.0,4.0,2.0,0.0,1.0,1.0,3.0,1.0,1.0,0.0,0.0,596.0
26.0,0,0,0,0,0.0,91.0,89.0,69.0,94.0,86.0,59.0,88.0,1.0,6.0,0.0,1.0,3.0,6.0,0.0,1.0,0.0,0.0,546.0
49.0,0,0,0,0,0.0,86.0,46.0,20.0,98.0,60.0,57.0,89.0,1.0,7.0,1.0,0.0,6.0,8.0,2.0,3.0,46.0,0.0,413.0
44.0,0,0,0,0,0.0,89.0,91.0,46.0,81.0,86.0,49.0,85.0,1.0,18.0,1.0,5.0,10.0,52.0,11.0,22.0,0.0,0.0,414.0
32.0,0,1,1,1,0.0,87.0,67.0,81.0,96.0,86.0,49.0,85.0,0.0,4.0,0.0,1.0,0.0,4.0,0.0,0.0,0.0,0.0,455.0
23.0,0,1,1,1,0.0,93.0,68.0,54.0,96.0,86.0,49.0,85.0,2.0,29.0,0.0,5.0,19.0,74.0,0.0,0.0,0.0,0.0,456.0
28.0,1,1,0,1,0.0,84.0,81.0,74.0,92.0,86.0,49.0,88.0,2.0,25.0,2.0,0.0,17.0,45.0,0.0,0.0,127.0,1.0,522.0
31.0,0,0,0,0,0.0,90.0,62.0,59.0,86.0,70.0,49.0,85.0,4.0,17.0,1.0,3.0,10.0,27.0,4.0,5.0,0.0,0.0,432.0
31.0,1,1,1,1,0.0,86.0,61.0,70.0,89.0,86.0,49.0,85.0,2.0,14.0,1.0,1.0,8.0,20.0,0.0,1.0,0.0,0.0,391.0
40.0,1,1,0,1,0.0,80.0,89.0,67.0,90.0,87.0,49.0,88.0,1.0,5.0,0.0,1.0,2.0,9.0,0.0,0.0,0.0,0.0,559.0
33.0,0,0,0,0,0.0,82.0,69.0,58.0,87.0,87.0,49.0,85.0,1.0,19.0,1.0,4.0,12.0,43.0,16.0,21.0,0.0,0.0,422.0
42.0,1,0,0,0,0.0,90.0,71.0,63.0,88.0,94.0,49.0,85.0,4.0,9.0,0.0,1.0,5.0,12.0,0.0,0.0,0.0,0.0,428.0
24.0,0,0,0,0,0.0,90.0,75.0,52.0,83.0,88.0,49.0,85.0,2.0,26.0,0.0,3.0,18.0,57.0,18.0,29.0,0.0,0.0,419.0
31.0,0,1,1,1,0.0,91.0,83.0,63.0,91.0,86.0,49.0,85.0,5.0,21.0,0.0,4.0,15.0,31.0,0.0,0.0,0.0,0.0,414.0
29.0,0,1,1,1,0.0,87.0,58.0,64.0,88.0,87.0,49.0,88.0,0.0,10.0,0.0,1.0,6.0,14.0,0.0,0.0,0.0,3.0,455.0
26.0,0,0,0,0,0.0,91.0,91.0,75.0,94.0,86.0,49.0,88.0,1.0,4.0,0.0,0.0,4.0,4.0,0.0,0.0,0.0,0.0,600.0
31.0,0,0,0,0,0.0,93.0,96.0,89.0,94.0,92.0,49.0,88.0,6.0,2.0,0.0,0.0,1.0,2.0,0.0,0.0,0.0,0.0,635.0
29.0,1,0,0,0,0.0,78.0,96.0,65.0,90.0,87.0,49.0,85.0,3.0,7.0,1.0,1.0,3.0,9.0,0.0,0.0,0.0,0.0,503.0
30.0,0,1,0,1,0.0,96.0,47.0,51.0,63.0,87.0,49.0,85.0,4.0,17.0,2.0,2.0,9.0,25.0,8.0,10.0,0.0,0.0,358.0
31.0,0,0,0,0,0.0,92.0,82.0,48.0,89.0,87.0,49.0,85.0,1.0,47.0,1.0,6.0,29.0,178.0,15.0,28.0,35.0,1.0,407.0
24.0,1,0,1,0,0.0,82.0,85.0,63.0,86.0,87.0,49.0,85.0,1.0,36.0,0.0,6.0,25.0,91.0,7.0,11.0,0.0,2.0,363.0
39.0,0,0,1,0,0.0,91.0,36.0,55.0,90.0,95.0,51.0,76.0,1.0,43.0,1.0,4.0,28.0,111.0,0.0,0.0,0.0,0.0,480.0
28.0,0,0,1,1,0.0,87.0,75.0,37.0,92.0,86.0,49.0,85.0,2.0,29.0,1.0,3.0,20.0,55.0,0.0,8.0,0.0,0.0,358.0
35.0,0,0,0,0,0.0,93.0,94.0,78.0,92.0,95.0,57.0,94.0,2.0,3.0,0.0,0.0,2.0,6.0,1.0,1.0,0.0,0.0,565.0
30.0,0,0,0,0,0.0,98.0,40.0,71.0,95.0,95.0,62.0,85.0,0.0,15.0,1.0,2.0,8.0,20.0,6.0,17.0,0.0,0.0,506.0
23.0,1,0,0,0,0.0,85.0,57.0,62.0,96.0,87.0,49.0,85.0,0.0,8.0,0.0,1.0,5.0,30.0,1.0,1.0,0.0,0.0,500.0
33.0,0,0,1,0,0.0,90.0,58.0,58.0,89.0,86.0,49.0,77.0,0.0,18.0,0.0,3.0,11.0,25.0,0.0,0.0,10.0,0.0,439.0
33.0,0,0,0,0,0.0,87.0,86.0,21.0,90.0,81.0,49.0,85.0,2.0,14.0,0.0,1.0,12.0,18.0,0.0,7.0,74.0,0.0,358.0
28.0,0,0,0,0,0.0,91.0,84.0,50.0,96.0,87.0,49.0,85.0,1.0,14.0,0.0,3.0,8.0,43.0,0.0,2.0,0.0,0.0,424.0
30.0,1,0,0,0,0.0,87.0,52.0,20.0,92.0,90.0,49.0,85.0,3.0,23.0,3.0,2.0,11.0,27.0,2.0,12.0,11.0,0.0,374.0
35.0,0,0,0,0,0.0,93.0,64.0,26.0,96.0,89.0,49.0,86.0,2.0,12.0,2.0,0.0,8.0,19.0,1.0,13.0,0.0,0.0,363.0
32.0,0,0,0,0,0.0,92.0,58.0,34.0,63.0,93.0,49.0,85.0,0.0,9.0,0.0,2.0,5.0,15.0,4.0,6.0,0.0,0.0,358.0
43.0,0,0,0,0,0.0,90.0,92.0,66.0,94.0,86.0,49.0,88.0,5.0,18.0,0.0,0.0,14.0,31.0,0.0,0.0,107.0,3.0,452.0
36.0,0,0,0,0,0.0,84.0,68.0,44.0,90.0,90.0,57.0,85.0,2.0,41.0,5.0,3.0,25.0,119.0,9.0,22.0,0.0,0.0,358.0
42.0,1,0,0,0,0.0,75.0,65.0,24.0,91.0,86.0,49.0,85.0,1.0,31.0,3.0,1.0,19.0,94.0,4.0,12.0,0.0,1.0,376.0
46.0,0,1,0,1,0.0,92.0,82.0,87.0,95.0,95.0,48.0,85.0,0.0,4.0,0.0,1.0,0.0,4.0,0.0,0.0,0.0,0.0,553.0
20.0,0,0,0,0,0.0,89.0,85.0,52.0,94.0,87.0,49.0,88.0,2.0,27.0,2.0,3.0,15.0,70.0,5.0,11.0,0.0,0.0,422.0
30.0,1,0,0,0,0.0,84.0,78.0,30.0,87.0,87.0,49.0,85.0,4.0,18.0,0.0,5.0,10.0,37.0,7.0,11.0,12.0,0.0,390.0
27.0,0,0,0,0,0.0,85.0,64.0,23.0,82.0,87.0,49.0,85.0,0.0,20.0,0.0,2.0,13.0,98.0,5.0,16.0,0.0,0.0,379.0
27.0,0,1,0,1,0.0,87.0,52.0,57.0,92.0,87.0,57.0,85.0,1.0,30.0,1.0,3.0,19.0,55.0,0.0,0.0,12.0,1.0,470.0
31.0,0,0,0,0,0.0,94.0,95.0,84.0,94.0,86.0,54.0,88.0,0.0,5.0,0.0,1.0,3.0,8.0,1.0,2.0,0.0,0.0,605.0
32.0,0,0,0,0,0.0,95.0,86.0,37.0,96.0,86.0,49.0,85.0,0.0,21.0,1.0,2.0,15.0,56.0,8.0,19.0,0.0,0.0,495.0
28.0,0,0,0,0,0.0,97.0,52.0,32.0,94.0,66.0,49.0,85.0,0.0,18.0,0.0,3.0,12.0,29.0,9.0,14.0,0.0,0.0,397.0
25.0,0,0,0,0,0.0,82.0,46.0,55.0,91.0,87.0,49.0,85.0,2.0,12.0,1.0,2.0,5.0,16.0,3.0,3.0,0.0,0.0,423.0
26.0,0,0,0,0,0.0,91.0,20.0,71.0,93.0,87.0,49.0,85.0,3.0,10.0,1.0,1.0,6.0,15.0,0.0,0.0,0.0,0.0,486.0
35.0,0,1,0,1,0.0,76.0,68.0,47.0,92.0,88.0,49.0,85.0,2.0,26.0,1.0,3.0,17.0,49.0,8.0,12.0,0.0,0.0,377.0
37.0,1,1,1,1,0.0,93.0,66.0,61.0,89.0,87.0,49.0,85.0,6.0,18.0,0.0,1.0,11.0,42.0,0.0,0.0,0.0,1.0,464.0
30.0,0,0,0,0,0.0,91.0,96.0,30.0,89.0,90.0,61.0,85.0,1.0,14.0,0.0,3.0,9.0,37.0,3.0,7.0,0.0,0.0,404.0
35.0,0,0,0,0,0.0,95.0,83.0,7.0,96.0,91.0,50.0,85.0,1.0,15.0,1.0,2.0,10.0,40.0,8.0,12.0,0.0,0.0,449.0
36.0,0,0,0,0,0.0,90.0,88.0,59.0,89.0,87.0,49.0,77.0,2.0,31.0,2.0,3.0,20.0,91.0,17.0,25.0,0.0,0.0,408.0
35.0,0,0,0,0,0.0,93.0,89.0,36.0,94.0,87.0,49.0,88.0,1.0,4.0,0.0,0.0,4.0,21.0,1.0,5.0,0.0,0.0,568.0
31.0,0,0,0,0,0.0,92.0,85.0,14.0,87.0,86.0,49.0,88.0,1.0,27.0,1.0,3.0,15.0,55.0,6.0,14.0,0.0,0.0,358.0
42.0,0,1,0,1,0.0,87.0,81.0,24.0,81.0,93.0,49.0,85.0,1.0,27.0,1.0,3.0,19.0,53.0,4.0,10.0,0.0,0.0,358.0
22.0,0,0,0,0,0.0,90.0,64.0,63.0,96.0,87.0,49.0,85.0,6.0,16.0,0.0,0.0,9.0,21.0,0.0,0.0,0.0,0.0,462.0
23.0,0,0,1,1,0.0,91.0,82.0,66.0,78.0,87.0,49.0,85.0,1.0,25.0,0.0,4.0,17.0,64.0,0.0,3.0,10.0,0.0,358.0
25.0,0,1,1,1,0.0,89.0,36.0,66.0,88.0,89.0,49.0,85.0,1.0,25.0,1.0,1.0,19.0,77.0,0.0,0.0,0.0,0.0,389.0
25.0,0,0,1,1,0.0,90.0,85.0,43.0,81.0,89.0,49.0,88.0,1.0,34.0,0.0,6.0,21.0,68.0,0.0,4.0,11.0,0.0,418.0
31.0,0,0,0,0,0.0,80.0,86.0,60.0,93.0,89.0,49.0,85.0,0.0,6.0,0.0,1.0,3.0,9.0,4.0,7.0,146.0,0.0,384.0
39.0,1,0,0,0,0.0,93.0,92.0,59.0,92.0,90.0,57.0,85.0,1.0,13.0,0.0,1.0,9.0,20.0,0.0,0.0,0.0,9.0,414.0
36.0,0,0,1,0,0.0,90.0,82.0,38.0,85.0,86.0,49.0,85.0,1.0,29.0,0.0,2.0,22.0,80.0,0.0,0.0,12.0,0.0,435.0
31.0,0,0,0,0,0.0,83.0,83.0,53.0,84.0,87.0,49.0,85.0,2.0,23.0,0.0,2.0,16.0,48.0,1.0,7.0,0.0,0.0,365.0
23.0,0,1,0,1,0.0,90.0,84.0,63.0,83.0,86.0,49.0,88.0,2.0,33.0,1.0,3.0,20.0,62.0,0.0,0.0,0.0,0.0,457.0
29.0,0,0,0,0,0.0,88.0,90.0,32.0,93.0,87.0,49.0,85.0,1.0,29.0,1.0,3.0,20.0,51.0,1.0,3.0,0.0,0.0,358.0
31.0,1,0,1,0,0.0,91.0,84.0,33.0,58.0,86.0,49.0,85.0,2.0,14.0,0.0,2.0,9.0,19.0,4.0,8.0,0.0,0.0,363.0
33.0,0,0,1,0,0.0,87.0,50.0,76.0,94.0,87.0,49.0,85.0,4.0,22.0,1.0,2.0,14.0,41.0,0.0,0.0,10.0,0.0,508.0
33.0,0,0,1,1,0.0,92.0,64.0,73.0,92.0,84.0,49.0,85.0,0.0,18.0,2.0,2.0,10.0,29.0,0.0,0.0,0.0,0.0,407.0
21.0,0,0,0,0,0.0,92.0,89.0,79.0,94.0,86.0,49.0,88.0,5.0,3.0,0.0,1.0,1.0,6.0,1.0,1.0,0.0,0.0,616.0
26.0,0,1,0,1,0.0,94.0,74.0,84.0,94.0,86.0,49.0,88.0,4.0,5.0,0.0,1.0,2.0,5.0,1.0,1.0,0.0,0.0,594.0
28.0,0,0,0,0,0.0,93.0,55.0,48.0,86.0,83.0,49.0,85.0,0.0,29.0,1.0,2.0,19.0,64.0,1.0,4.0,0.0,0.0,358.0
33.0,0,1,1,1,0.0,90.0,57.0,62.0,87.0,86.0,49.0,88.0,1.0,5.0,0.0,0.0,3.0,9.0,0.0,0.0,80.0,0.0,567.0
34.0,0,0,0,0,0.0,96.0,48.0,22.0,92.0,93.0,49.0,85.0,1.0,21.0,2.0,1.0,14.0,40.0,0.0,4.0,0.0,0.0,358.0
37.0,0,0,0,0,0.0,81.0,89.0,40.0,86.0,86.0,49.0,88.0,1.0,36.0,1.0,3.0,28.0,88.0,2.0,15.0,0.0,0.0,429.0
25.0,1,1,1,1,0.0,79.0,51.0,40.0,41.0,85.0,59.0,85.0,1.0,18.0,0.0,1.0,12.0,29.0,0.0,0.0,91.0,0.0,438.0
29.0,1,0,0,0,0.0,92.0,89.0,78.0,94.0,86.0,57.0,88.0,1.0,4.0,0.0,0.0,3.0,4.0,0.0,1.0,0.0,0.0,552.0
31.0,0,0,0,0,0.0,78.0,62.0,44.0,89.0,86.0,49.0,85.0,4.0,24.0,1.0,3.0,16.0,63.0,11.0,24.0,0.0,0.0,429.0
28.0,0,0,0,0,0.0,91.0,89.0,72.0,94.0,87.0,49.0,88.0,0.0,31.0,3.0,5.0,19.0,66.0,15.0,22.0,0.0,0.0,478.0
35.0,0,0,0,0,0.0,90.0,49.0,56.0,89.0,76.0,57.0,85.0,2.0,35.0,1.0,3.0,24.0,73.0,3.0,5.0,22.0,0.0,358.0
29.0,0,0,0,0,0.0,79.0,85.0,21.0,92.0,86.0,49.0,85.0,2.0,6.0,0.0,0.0,5.0,13.0,2.0,7.0,0.0,0.0,406.0
36.0,0,1,0,1,0.0,85.0,86.0,29.0,94.0,86.0,49.0,88.0,1.0,16.0,0.0,5.0,8.0,33.0,6.0,9.0,0.0,0.0,379.0
28.0,1,0,0,0,0.0,93.0,62.0,43.0,95.0,95.0,54.0,85.0,2.0,28.0,1.0,3.0,19.0,77.0,7.0,15.0,0.0,0.0,358.0
31.0,0,0,0,0,0.0,94.0,90.0,94.0,94.0,86.0,49.0,88.0,6.0,1.0,0.0,0.0,0.0,1.0,0.0,0.0,0.0,0.0,646.0
27.0,0,0,0,0,0.0,92.0,47.0,73.0,84.0,86.0,49.0,88.0,0.0,22.0,0.0,1.0,14.0,32.0,1.0,1.0,40.0,0.0,384.0
26.0,0,0,0,0,0.0,94.0,95.0,38.0,94.0,86.0,49.0,88.0,0.0,30.0,1.0,4.0,16.0,72.0,10.0,27.0,0.0,0.0,479.0
27.0,1,1,0,1,0.0,85.0,85.0,34.0,94.0,89.0,49.0,88.0,2.0,27.0,0.0,0.0,22.0,65.0,10.0,15.0,0.0,0.0,383.0
28.0,1,0,0,0,0.0,76.0,92.0,45.0,93.0,91.0,49.0,85.0,1.0,10.0,0.0,1.0,7.0,12.0,1.0,2.0,104.0,0.0,449.0
26.0,0,1,1,1,0.0,86.0,82.0,60.0,94.0,87.0,49.0,88.0,2.0,21.0,0.0,2.0,15.0,58.0,0.0,0.0,0.0,0.0,459.0
36.0,0,1,0,1,0.0,89.0,85.0,71.0,90.0,89.0,49.0,88.0,1.0,5.0,0.0,0.0,4.0,7.0,0.0,0.0,0.0,0.0,509.0
22.0,0,0,0,0,0.0,92.0,89.0,63.0,94.0,86.0,49.0,88.0,1.0,19.0,0.0,1.0,13.0,29.0,1.0,1.0,0.0,0.0,549.0
27.0,0,0,0,0,0.0,88.0,58.0,37.0,80.0,89.0,49.0,85.0,2.0,30.0,2.0,1.0,21.0,87.0,9.0,23.0,0.0,0.0,401.0
20.0,0,1,1,1,0.0,92.0,89.0,70.0,96.0,86.0,49.0,88.0,5.0,5.0,0.0,0.0,4.0,6.0,0.0,1.0,0.0,0.0,592.0
22.0,0,0,0,0,0.0,90.0,80.0,36.0,79.0,86.0,49.0,88.0,1.0,12.0,1.0,1.0,8.0,25.0,1.0,3.0,0.0,0.0,401.0
23.0,1,0,0,0,0.0,89.0,89.0,39.0,94.0,87.0,49.0,88.0,1.0,19.0,0.0,3.0,15.0,41.0,4.0,9.0,0.0,0.0,448.0
41.0,0,0,0,0,0.0,94.0,95.0,32.0,96.0,91.0,49.0,85.0,1.0,36.0,0.0,5.0,25.0,97.0,28.0,57.0,0.0,0.0,494.0
37.0,1,0,0,0,0.0,89.0,17.0,35.0,91.0,95.0,57.0,83.0,1.0,22.0,1.0,0.0,15.0,52.0,0.0,0.0,91.0,0.0,358.0
30.0,0,0,0,0,0.0,94.0,81.0,54.0,97.0,86.0,49.0,85.0,1.0,22.0,0.0,1.0,15.0,74.0,0.0,0.0,0.0,0.0,492.0
32.0,1,0,0,0,0.0,84.0,75.0,17.0,90.0,86.0,49.0,85.0,1.0,26.0,1.0,2.0,20.0,62.0,0.0,15.0,32.0,0.0,459.0
22.0,0,0,0,0,0.0,91.0,91.0,87.0,94.0,86.0,49.0,88.0,6.0,2.0,0.0,0.0,1.0,2.0,0.0,0.0,0.0,0.0,650.0
24.0,0,1,1,1,0.0,92.0,70.0,61.0,94.0,86.0,49.0,88.0,1.0,19.0,1.0,0.0,13.0,55.0,0.0,0.0,0.0,0.0,471.0
33.0,0,0,0,0,0.0,92.0,85.0,68.0,85.0,87.0,49.0,88.0,4.0,5.0,0.0,1.0,2.0,5.0,0.0,0.0,0.0,0.0,574.0
39.0,0,0,0,0,0.0,91.0,58.0,45.0,91.0,77.0,49.0,88.0,0.0,24.0,2.0,3.0,16.0,42.0,3.0,6.0,0.0,0.0,358.0
24.0,1,0,1,0,0.0,83.0,67.0,40.0,89.0,86.0,49.0,88.0,5.0,38.0,1.0,5.0,24.0,127.0,3.0,14.0,0.0,0.0,469.0
39.0,0,1,0,1,0.0,83.0,87.0,50.0,86.0,89.0,49.0,88.0,1.0,14.0,1.0,3.0,8.0,16.0,1.0,4.0,12.0,0.0,452.0
45.0,0,0,0,0,0.0,73.0,81.0,28.0,93.0,87.0,57.0,85.0,2.0,21.0,0.0,3.0,16.0,41.0,17.0,32.0,0.0,0.0,448.0
35.0,0,0,0,0,0.0,90.0,83.0,69.0,91.0,52.0,49.0,85.0,4.0,14.0,2.0,1.0,8.0,27.0,0.0,3.0,0.0,0.0,415.0
29.0,0,1,1,1,0.0,85.0,36.0,72.0,88.0,87.0,49.0,85.0,1.0,19.0,0.0,1.0,13.0,31.0,0.0,1.0,11.0,0.0,374.0
26.0,0,1,1,1,0.0,85.0,92.0,66.0,92.0,87.0,49.0,88.0,3.0,29.0,2.0,2.0,21.0,58.0,0.0,0.0,131.0,0.0,489.0
27.0,0,0,0,0,0.0,90.0,79.0,72.0,90.0,88.0,57.0,85.0,0.0,30.0,0.0,2.0,20.0,70.0,3.0,3.0,10.0,0.0,369.0
23.0,0,0,0,0,0.0,94.0,81.0,21.0,80.0,89.0,49.0,85.0,1.0,24.0,0.0,3.0,16.0,63.0,6.0,10.0,0.0,0.0,436.0
36.0,0,1,0,1,0.0,70.0,64.0,36.0,85.0,86.0,57.0,85.0,1.0,23.0,0.0,2.0,17.0,78.0,14.0,25.0,23.0,0.0,384.0
28.0,0,0,0,0,0.0,72.0,68.0,27.0,75.0,87.0,49.0,85.0,1.0,14.0,0.0,3.0,9.0,21.0,4.0,4.0,0.0,0.0,358.0
22.0,0,0,0,0,0.0,97.0,39.0,23.0,95.0,95.0,49.0,92.0,0.0,22.0,0.0,2.0,16.0,82.0,9.0,14.0,0.0,0.0,520.0
44.0,0,0,0,0,0.0,82.0,76.0,39.0,96.0,84.0,49.0,85.0,1.0,38.0,2.0,4.0,24.0,104.0,10.0,23.0,0.0,0.0,358.0
36.0,1,0,0,0,0.0,74.0,23.0,55.0,85.0,81.0,48.0,85.0,2.0,51.0,3.0,8.0,31.0,142.0,9.0,21.0,0.0,0.0,457.0
33.0,1,0,0,0,0.0,78.0,64.0,64.0,88.0,87.0,49.0,85.0,0.0,32.0,0.0,5.0,20.0,97.0,12.0,25.0,0.0,0.0,438.0
29.0,1,1,0,1,0.0,84.0,86.0,61.0,90.0,87.0,48.0,88.0,1.0,22.0,2.0,1.0,16.0,50.0,6.0,9.0,0.0,0.0,452.0
23.0,0,0,0,0,0.0,94.0,62.0,69.0,77.0,87.0,49.0,85.0,4.0,35.0,2.0,3.0,24.0,133.0,0.0,0.0,0.0,0.0,419.0
27.0,0,0,1,0,0.0,92.0,76.0,77.0,97.0,87.0,49.0,85.0,4.0,7.0,0.0,1.0,6.0,9.0,0.0,0.0,30.0,0.0,525.0
29.0,0,1,1,1,0.0,87.0,71.0,84.0,96.0,87.0,49.0,85.0,1.0,26.0,1.0,2.0,17.0,56.0,12.0,19.0,213.0,0.0,445.0
25.0,1,0,0,0,0.0,83.0,81.0,49.0,79.0,86.0,61.0,85.0,1.0,32.0,1.0,4.0,23.0,101.0,8.0,16.0,0.0,0.0,472.0
21.0,1,1,0,1,0.0,82.0,85.0,60.0,96.0,86.0,49.0,85.0,3.0,10.0,1.0,0.0,7.0,16.0,0.0,1.0,33.0,0.0,464.0
30.0,0,0,0,0,0.0,76.0,48.0,40.0,91.0,87.0,49.0,85.0,1.0,20.0,1.0,4.0,11.0,67.0,9.0,14.0,20.0,0.0,358.0
31.0,0,0,0,0,0.0,90.0,85.0,33.0,84.0,82.0,49.0,88.0,1.0,28.0,1.0,4.0,20.0,67.0,7.0,14.0,0.0,0.0,358.0
31.0,0,0,0,0,0.0,94.0,91.0,66.0,95.0,90.0,49.0,85.0,2.0,26.0,1.0,2.0,16.0,68.0,18.0,24.0,0.0,0.0,458.0
29.0,0,0,0,0,0.0,94.0,89.0,40.0,98.0,92.0,57.0,85.0,1.0,16.0,0.0,3.0,11.0,27.0,2.0,5.0,146.0,0.0,426.0
24.0,0,0,0,0,0.0,84.0,79.0,60.0,81.0,87.0,49.0,85.0,2.0,19.0,0.0,2.0,13.0,34.0,0.0,0.0,0.0,0.0,460.0
30.0,0,0,1,0,0.0,75.0,48.0,54.0,81.0,86.0,49.0,88.0,4.0,18.0,0.0,1.0,11.0,34.0,0.0,0.0,0.0,0.0,475.0
36.0,0,0,0,0,0.0,87.0,79.0,60.0,87.0,87.0,49.0,88.0,1.0,7.0,0.0,1.0,6.0,8.0,0.0,0.0,0.0,0.0,511.0
35.0,0,1,0,1,0.0,88.0,63.0,57.0,94.0,86.0,49.0,85.0,4.0,19.0,1.0,3.0,10.0,54.0,3.0,5.0,0.0,0.0,377.0
20.0,0,0,0,0,0.0,92.0,74.0,24.0,94.0,86.0,49.0,88.0,1.0,11.0,0.0,2.0,6.0,13.0,2.0,9.0,0.0,0.0,368.0
21.0,1,0,0,0,0.0,78.0,89.0,63.0,89.0,87.0,49.0,88.0,4.0,13.0,1.0,2.0,8.0,35.0,5.0,7.0,0.0,0.0,433.0
25.0,0,1,1,1,0.0,91.0,87.0,65.0,96.0,87.0,49.0,85.0,1.0,4.0,0.0,0.0,2.0,5.0,0.0,0.0,0.0,0.0,579.0
22.0,0,0,0,0,0.0,90.0,79.0,39.0,84.0,87.0,54.0,85.0,1.0,24.0,0.0,0.0,20.0,46.0,0.0,2.0,0.0,0.0,455.0
29.0,0,0,0,0,0.0,86.0,83.0,42.0,84.0,88.0,49.0,85.0,1.0,16.0,0.0,1.0,12.0,33.0,7.0,13.0,52.0,0.0,399.0
27.0,0,0,1,0,0.0,89.0,59.0,52.0,88.0,86.0,60.0,85.0,2.0,30.0,1.0,2.0,21.0,76.0,0.0,0.0,72.0,0.0,358.0
36.0,0,1,0,1,0.0,89.0,55.0,72.0,85.0,88.0,49.0,85.0,2.0,15.0,1.0,2.0,11.0,26.0,0.0,0.0,22.0,0.0,445.0
33.0,1,1,0,1,0.0,92.0,89.0,74.0,94.0,86.0,49.0,88.0,4.0,5.0,0.0,2.0,2.0,10.0,1.0,1.0,0.0,0.0,587.0
23.0,0,1,0,1,0.0,77.0,77.0,39.0,88.0,86.0,53.0,85.0,4.0,22.0,1.0,3.0,15.0,66.0,10.0,20.0,0.0,0.0,358.0
27.0,0,0,0,0,0.0,96.0,55.0,62.0,90.0,80.0,49.0,85.0,1.0,30.0,2.0,3.0,22.0,53.0,0.0,0.0,0.0,0.0,489.0
34.0,0,0,1,0,0.0,88.0,35.0,59.0,83.0,87.0,49.0,85.0,1.0,30.0,0.0,2.0,25.0,58.0,0.0,2.0,97.0,0.0,358.0
33.0,0,1,1,1,0.0,91.0,80.0,54.0,79.0,86.0,49.0,88.0,2.0,25.0,0.0,1.0,17.0,30.0,0.0,0.0,0.0,0.0,446.0
29.0,1,1,1,1,0.0,80.0,82.0,75.0,92.0,86.0,49.0,88.0,5.0,6.0,0.0,0.0,3.0,9.0,0.0,0.0,0.0,2.0,508.0
24.0,0,0,1,0,0.0,94.0,89.0,87.0,94.0,86.0,49.0,88.0,0.0,24.0,1.0,4.0,14.0,69.0,5.0,22.0,0.0,0.0,517.0
23.0,0,0,0,0,0.0,88.0,89.0,65.0,94.0,87.0,49.0,88.0,1.0,11.0,0.0,1.0,6.0,29.0,6.0,9.0,0.0,0.0,469.0
19.0,0,0,0,0,0.0,96.0,90.0,65.0,94.0,86.0,59.0,88.0,5.0,16.0,0.0,1.0,11.0,28.0,1.0,6.0,0.0,0.0,409.0
19.0,0,1,1,1,0.0,88.0,82.0,48.0,90.0,86.0,49.0,88.0,1.0,9.0,0.0,0.0,7.0,10.0,0.0,0.0,0.0,0.0,486.0
22.0,0,1,0,1,0.0,85.0,77.0,61.0,91.0,86.0,59.0,85.0,2.0,5.0,1.0,0.0,3.0,5.0,0.0,2.0,0.0,0.0,489.0
23.0,0,0,0,0,0.0,88.0,89.0,42.0,94.0,86.0,49.0,88.0,1.0,22.0,0.0,3.0,14.0,56.0,3.0,9.0,0.0,0.0,408.0
24.0,0,0,0,0,0.0,92.0,89.0,63.0,94.0,86.0,49.0,88.0,1.0,12.0,1.0,2.0,7.0,17.0,2.0,5.0,0.0,0.0,492.0
22.0,0,1,0,1,0.0,89.0,83.0,68.0,86.0,87.0,49.0,85.0,1.0,7.0,1.0,1.0,4.0,15.0,1.0,2.0,0.0,0.0,438.0
27.0,0,1,0,1,0.0,86.0,86.0,62.0,94.0,87.0,49.0,88.0,0.0,12.0,0.0,1.0,7.0,13.0,0.0,0.0,72.0,0.0,531.0
20.0,0,0,0,0,0.0,92.0,89.0,55.0,94.0,86.0,49.0,88.0,1.0,10.0,0.0,0.0,7.0,19.0,1.0,4.0,0.0,0.0,467.0
21.0,0,0,1,0,0.0,89.0,78.0,64.0,96.0,87.0,49.0,85.0,1.0,10.0,0.0,1.0,6.0,16.0,0.0,0.0,0.0,0.0,505.0
29.0,0,0,0,0,0.0,89.0,73.0,64.0,92.0,87.0,49.0,85.0,2.0,3.0,0.0,0.0,2.0,4.0,0.0,0.0,0.0,0.0,578.0
30.0,0,1,0,1,0.0,90.0,44.0,40.0,86.0,89.0,49.0,88.0,3.0,10.0,1.0,2.0,5.0,20.0,1.0,4.0,93.0,0.0,358.0
25.0,0,0,0,0,0.0,84.0,62.0,62.0,83.0,87.0,49.0,85.0,2.0,25.0,1.0,3.0,14.0,50.0,0.0,0.0,362.0,0.0,509.0
21.0,0,0,0,0,0.0,94.0,85.0,61.0,96.0,87.0,49.0,85.0,1.0,17.0,0.0,2.0,13.0,36.0,1.0,1.0,0.0,0.0,465.0
29.0,0,0,0,0,0.0,91.0,92.0,8.0,83.0,86.0,50.0,88.0,4.0,35.0,0.0,4.0,22.0,62.0,1.0,11.0,76.0,0.0,358.0
44.0,0,0,0,0,0.0,89.0,84.0,60.0,81.0,87.0,49.0,88.0,1.0,15.0,2.0,0.0,11.0,19.0,1.0,1.0,0.0,0.0,478.0
21.0,0,1,0,1,0.0,82.0,75.0,53.0,80.0,87.0,49.0,85.0,2.0,9.0,0.0,0.0,7.0,17.0,1.0,3.0,10.0,0.0,449.0
34.0,0,0,0,0,0.0,84.0,57.0,5.0,87.0,89.0,49.0,85.0,1.0,32.0,1.0,1.0,21.0,60.0,0.0,0.0,182.0,0.0,372.0
38.0,0,0,1,0,0.0,94.0,92.0,77.0,97.0,86.0,49.0,85.0,4.0,2.0,0.0,1.0,1.0,2.0,0.0,0.0,0.0,0.0,573.0
26.0,0,0,1,0,0.0,91.0,82.0,57.0,92.0,86.0,49.0,88.0,2.0,24.0,0.0,2.0,15.0,33.0,0.0,1.0,40.0,0.0,411.0
27.0,0,0,0,0,0.0,84.0,76.0,67.0,84.0,87.0,49.0,85.0,4.0,11.0,0.0,1.0,6.0,15.0,1.0,1.0,32.0,0.0,407.0
19.0,0,0,1,0,0.0,93.0,81.0,40.0,96.0,86.0,49.0,85.0,1.0,11.0,0.0,1.0,8.0,35.0,5.0,12.0,0.0,0.0,404.0
30.0,1,1,1,1,0.0,71.0,25.0,34.0,94.0,84.0,50.0,85.0,4.0,25.0,0.0,2.0,16.0,70.0,0.0,0.0,40.0,0.0,358.0
30.0,0,0,0,0,0.0,83.0,74.0,54.0,85.0,87.0,49.0,85.0,0.0,22.0,0.0,3.0,15.0,40.0,0.0,0.0,0.0,0.0,466.0
29.0,0,0,0,0,0.0,86.0,80.0,78.0,95.0,87.0,61.0,85.0,1.0,14.0,0.0,2.0,9.0,25.0,10.0,12.0,0.0,0.0,465.0
20.0,1,1,1,1,0.0,91.0,90.0,62.0,93.0,87.0,49.0,77.0,1.0,12.0,0.0,1.0,8.0,16.0,1.0,2.0,0.0,0.0,457.0
29.0,0,1,0,1,0.0,90.0,80.0,19.0,91.0,86.0,49.0,88.0,1.0,23.0,1.0,4.0,14.0,45.0,8.0,17.0,0.0,0.0,401.0
33.0,0,1,1,1,0.0,73.0,14.0,9.0,93.0,88.0,49.0,85.0,1.0,23.0,0.0,3.0,15.0,34.0,8.0,12.0,40.0,0.0,405.0
25.0,1,0,0,0,0.0,82.0,84.0,22.0,84.0,86.0,49.0,85.0,1.0,36.0,0.0,3.0,23.0,90.0,4.0,13.0,41.0,0.0,389.0
33.0,0,0,0,0,0.0,98.0,73.0,28.0,93.0,82.0,49.0,45.0,1.0,6.0,0.0,1.0,4.0,6.0,0.0,0.0,30.0,0.0,526.0
31.0,0,0,0,0,0.0,77.0,85.0,58.0,76.0,86.0,49.0,85.0,1.0,42.0,0.0,5.0,26.0,105.0,1.0,6.0,0.0,0.0,358.0
30.0,0,0,0,0,0.0,91.0,92.0,54.0,90.0,92.0,49.0,88.0,1.0,24.0,0.0,2.0,18.0,50.0,0.0,0.0,0.0,0.0,470.0
24.0,0,0,1,0,0.0,82.0,74.0,69.0,71.0,90.0,49.0,85.0,1.0,28.0,1.0,3.0,19.0,56.0,0.0,0.0,103.0,0.0,423.0
21.0,0,0,0,0,0.0,83.0,89.0,64.0,94.0,87.0,49.0,88.0,4.0,9.0,0.0,2.0,6.0,15.0,1.0,1.0,0.0,0.0,512.0
42.0,0,1,0,1,0.0,92.0,95.0,27.0,94.0,86.0,49.0,88.0,1.0,8.0,0.0,2.0,5.0,12.0,4.0,7.0,0.0,0.0,456.0
30.0,0,0,0,0,0.0,83.0,77.0,54.0,83.0,87.0,49.0,85.0,2.0,22.0,1.0,3.0,16.0,49.0,3.0,4.0,0.0,0.0,387.0
23.0,0,0,0,0,0.0,92.0,89.0,73.0,94.0,86.0,49.0,88.0,1.0,18.0,0.0,2.0,12.0,28.0,0.0,1.0,0.0,0.0,497.0
33.0,0,0,0,0,0.0,94.0,90.0,16.0,90.0,91.0,60.0,88.0,1.0,19.0,2.0,2.0,12.0,49.0,4.0,10.0,0.0,0.0,358.0
30.0,0,0,0,0,0.0,97.0,95.0,69.0,96.0,88.0,60.0,85.0,1.0,37.0,2.0,4.0,24.0,86.0,0.0,1.0,0.0,0.0,554.0
24.0,0,1,1,1,0.0,83.0,70.0,69.0,88.0,88.0,49.0,85.0,1.0,31.0,0.0,4.0,21.0,90.0,13.0,28.0,0.0,0.0,417.0
28.0,0,0,0,0,0.0,82.0,77.0,54.0,91.0,87.0,49.0,85.0,1.0,16.0,1.0,1.0,10.0,50.0,2.0,3.0,0.0,0.0,430.0
35.0,0,0,0,0,0.0,91.0,86.0,66.0,92.0,89.0,49.0,85.0,1.0,23.0,1.0,3.0,15.0,56.0,0.0,2.0,0.0,0.0,449.0
20.0,0,0,0,0,0.0,89.0,89.0,80.0,94.0,87.0,49.0,88.0,1.0,14.0,1.0,1.0,9.0,25.0,0.0,10.0,0.0,0.0,469.0
36.0,0,0,0,0,0.0,87.0,75.0,52.0,84.0,84.0,49.0,88.0,1.0,7.0,0.0,0.0,4.0,10.0,0.0,0.0,127.0,0.0,549.0
28.0,0,0,0,0,0.0,92.0,90.0,25.0,92.0,86.0,49.0,85.0,1.0,29.0,0.0,5.0,19.0,58.0,6.0,12.0,0.0,0.0,358.0
25.0,0,0,0,0,0.0,93.0,66.0,88.0,95.0,89.0,49.0,88.0,1.0,5.0,1.0,0.0,2.0,20.0,0.0,1.0,0.0,0.0,552.0
50.0,0,0,0,0,0.0,85.0,85.0,62.0,91.0,84.0,49.0,85.0,0.0,11.0,1.0,0.0,5.0,17.0,1.0,1.0,0.0,0.0,429.0
26.0,0,0,0,0,0.0,91.0,71.0,42.0,80.0,86.0,59.0,88.0,1.0,12.0,1.0,2.0,7.0,15.0,0.0,2.0,0.0,0.0,403.0
30.0,0,0,0,0,0.0,89.0,93.0,33.0,83.0,86.0,49.0,85.0,5.0,20.0,1.0,2.0,13.0,36.0,0.0,9.0,0.0,0.0,358.0
21.0,0,0,0,0,0.0,85.0,88.0,51.0,78.0,87.0,49.0,88.0,5.0,20.0,1.0,4.0,10.0,37.0,0.0,4.0,0.0,0.0,424.0
26.0,1,1,0,1,0.0,75.0,85.0,67.0,94.0,87.0,49.0,88.0,1.0,9.0,0.0,1.0,6.0,11.0,1.0,1.0,0.0,0.0,438.0
29.0,0,0,0,0,0.0,91.0,86.0,57.0,97.0,87.0,49.0,85.0,0.0,16.0,1.0,2.0,10.0,25.0,1.0,8.0,0.0,0.0,487.0
39.0,0,0,0,0,0.0,95.0,88.0,78.0,96.0,83.0,49.0,85.0,1.0,4.0,0.0,0.0,4.0,6.0,0.0,0.0,0.0,0.0,517.0
25.0,0,0,0,0,0.0,95.0,48.0,47.0,90.0,87.0,49.0,85.0,1.0,41.0,0.0,5.0,29.0,102.0,10.0,31.0,0.0,0.0,429.0
31.0,0,0,0,0,0.0,97.0,93.0,88.0,95.0,87.0,48.0,85.0,4.0,2.0,1.0,1.0,0.0,2.0,0.0,0.0,0.0,0.0,546.0
40.0,1,0,1,0,0.0,86.0,61.0,86.0,93.0,88.0,49.0,85.0,1.0,1.0,0.0,0.0,1.0,1.0,0.0,0.0,0.0,0.0,528.0
23.0,0,1,1,1,0.0,93.0,79.0,74.0,83.0,87.0,49.0,85.0,1.0,43.0,1.0,6.0,25.0,132.0,11.0,28.0,0.0,0.0,443.0
34.0,0,1,0,1,0.0,92.0,74.0,68.0,94.0,87.0,49.0,85.0,1.0,12.0,1.0,1.0,8.0,15.0,0.0,0.0,42.0,0.0,469.0
23.0,0,1,0,1,0.0,89.0,89.0,76.0,94.0,87.0,49.0,88.0,4.0,3.0,0.0,1.0,1.0,4.0,0.0,1.0,0.0,0.0,578.0
30.0,0,1,0,1,0.0,93.0,59.0,66.0,92.0,87.0,49.0,85.0,3.0,15.0,2.0,3.0,8.0,24.0,3.0,3.0,0.0,0.0,425.0
23.0,1,0,0,0,0.0,95.0,87.0,54.0,92.0,91.0,49.0,91.0,5.0,11.0,0.0,1.0,7.0,14.0,6.0,8.0,0.0,0.0,455.0
40.0,0,0,0,0,0.0,94.0,93.0,82.0,94.0,88.0,49.0,88.0,4.0,4.0,0.0,1.0,1.0,4.0,0.0,0.0,0.0,0.0,623.0
30.0,0,0,1,0,0.0,90.0,27.0,28.0,88.0,89.0,60.0,85.0,2.0,19.0,1.0,1.0,12.0,50.0,0.0,0.0,42.0,1.0,391.0
27.0,0,1,1,1,0.0,98.0,79.0,12.0,93.0,94.0,49.0,85.0,2.0,16.0,0.0,2.0,12.0,22.0,0.0,5.0,10.0,0.0,416.0
29.0,0,0,1,0,0.0,85.0,74.0,55.0,90.0,87.0,49.0,85.0,2.0,55.0,1.0,5.0,40.0,172.0,0.0,19.0,105.0,0.0,369.0
23.0,0,0,0,0,0.0,88.0,51.0,41.0,96.0,86.0,49.0,85.0,2.0,22.0,0.0,2.0,14.0,60.0,6.0,11.0,0.0,0.0,383.0
27.0,0,0,0,0,0.0,95.0,80.0,68.0,96.0,96.0,49.0,85.0,0.0,7.0,1.0,0.0,3.0,9.0,0.0,0.0,0.0,0.0,550.0
46.0,0,1,0,1,0.0,84.0,47.0,64.0,90.0,91.0,49.0,85.0,1.0,21.0,0.0,1.0,13.0,32.0,0.0,1.0,0.0,8.0,358.0
22.0,0,1,1,1,0.0,89.0,89.0,64.0,94.0,87.0,49.0,88.0,2.0,7.0,0.0,1.0,4.0,7.0,0.0,0.0,0.0,0.0,558.0
22.0,0,0,1,0,0.0,93.0,79.0,52.0,83.0,86.0,49.0,85.0,1.0,22.0,0.0,0.0,15.0,40.0,0.0,0.0,0.0,0.0,497.0
20.0,1,0,0,0,0.0,90.0,89.0,17.0,94.0,86.0,49.0,88.0,6.0,11.0,0.0,2.0,8.0,16.0,7.0,7.0,0.0,0.0,405.0
25.0,0,0,0,0,0.0,89.0,79.0,43.0,88.0,86.0,49.0,85.0,1.0,31.0,1.0,4.0,19.0,83.0,5.0,18.0,12.0,0.0,358.0
35.0,0,0,0,0,0.0,91.0,89.0,57.0,92.0,86.0,49.0,88.0,1.0,13.0,1.0,0.0,10.0,21.0,0.0,0.0,20.0,0.0,504.0
32.0,0,0,0,0,0.0,82.0,54.0,58.0,87.0,86.0,49.0,88.0,1.0,12.0,0.0,0.0,8.0,29.0,1.0,1.0,0.0,0.0,436.0
23.0,0,0,0,0,0.0,88.0,79.0,61.0,96.0,87.0,49.0,85.0,2.0,29.0,1.0,3.0,21.0,83.0,1.0,11.0,0.0,0.0,388.0
27.0,0,0,0,0,0.0,91.0,87.0,63.0,96.0,87.0,49.0,85.0,0.0,15.0,1.0,1.0,8.0,24.0,5.0,12.0,54.0,0.0,358.0
23.0,0,1,1,1,0.0,94.0,60.0,54.0,96.0,86.0,49.0,85.0,0.0,14.0,0.0,1.0,9.0,18.0,0.0,0.0,0.0,0.0,449.0
31.0,0,1,1,1,0.0,88.0,74.0,64.0,94.0,87.0,49.0,88.0,2.0,21.0,0.0,2.0,16.0,41.0,1.0,1.0,0.0,0.0,513.0
31.0,0,1,0,1,0.0,87.0,86.0,80.0,94.0,87.0,49.0,88.0,1.0,3.0,1.0,0.0,2.0,4.0,0.0,1.0,0.0,0.0,507.0
24.0,0,0,0,0,0.0,89.0,51.0,65.0,94.0,81.0,49.0,77.0,2.0,23.0,0.0,2.0,17.0,80.0,9.0,18.0,0.0,0.0,364.0
24.0,0,0,0,0,0.0,92.0,53.0,56.0,86.0,87.0,49.0,88.0,1.0,19.0,1.0,1.0,11.0,69.0,3.0,5.0,0.0,0.0,372.0
22.0,0,0,1,0,0.0,89.0,85.0,62.0,83.0,86.0,49.0,88.0,6.0,23.0,2.0,1.0,16.0,41.0,0.0,0.0,0.0,0.0,485.0
21.0,0,0,0,0,0.0,90.0,87.0,41.0,96.0,87.0,49.0,85.0,1.0,17.0,0.0,0.0,14.0,35.0,1.0,8.0,0.0,0.0,419.0
29.0,0,0,0,0,0.0,91.0,70.0,63.0,80.0,86.0,49.0,85.0,4.0,26.0,1.0,3.0,17.0,51.0,0.0,0.0,44.0,0.0,370.0
41.0,1,0,0,0,0.0,79.0,17.0,22.0,89.0,82.0,49.0,85.0,1.0,29.0,3.0,2.0,19.0,86.0,17.0,27.0,0.0,0.0,358.0
23.0,0,0,0,0,0.0,91.0,86.0,71.0,96.0,87.0,49.0,85.0,4.0,4.0,0.0,1.0,2.0,7.0,0.0,0.0,0.0,0.0,599.0
27.0,0,0,1,0,0.0,91.0,88.0,54.0,94.0,86.0,49.0,88.0,1.0,28.0,0.0,1.0,20.0,57.0,0.0,0.0,0.0,0.0,444.0
22.0,0,0,0,0,0.0,90.0,89.0,90.0,94.0,87.0,49.0,88.0,0.0,1.0,0.0,0.0,0.0,1.0,0.0,0.0,0.0,0.0,611.0
32.0,0,0,1,0,0.0,90.0,46.0,5.0,91.0,86.0,49.0,85.0,2.0,31.0,2.0,3.0,21.0,49.0,1.0,1.0,93.0,2.0,358.0
22.0,0,0,1,0,0.0,83.0,55.0,68.0,87.0,87.0,49.0,85.0,1.0,33.0,1.0,5.0,20.0,62.0,0.0,0.0,0.0,0.0,500.0
31.0,1,0,0,0,0.0,96.0,73.0,68.0,92.0,82.0,49.0,85.0,3.0,38.0,3.0,3.0,24.0,83.0,0.0,0.0,209.0,0.0,464.0
35.0,0,1,1,1,0.0,83.0,80.0,40.0,94.0,86.0,49.0,88.0,6.0,18.0,0.0,1.0,12.0,24.0,0.0,0.0,40.0,0.0,418.0
29.0,0,0,0,0,0.0,90.0,89.0,67.0,94.0,87.0,49.0,88.0,1.0,35.0,0.0,5.0,21.0,135.0,34.0,44.0,0.0,0.0,474.0
24.0,1,0,1,0,0.0,77.0,84.0,60.0,94.0,87.0,49.0,88.0,1.0,20.0,0.0,1.0,17.0,33.0,0.0,0.0,0.0,0.0,461.0
29.0,0,0,0,0,0.0,90.0,74.0,28.0,91.0,87.0,57.0,85.0,2.0,23.0,1.0,1.0,15.0,74.0,6.0,16.0,0.0,0.0,358.0
23.0,0,0,0,0,0.0,76.0,21.0,72.0,92.0,87.0,49.0,85.0,1.0,41.0,0.0,5.0,24.0,113.0,5.0,13.0,0.0,0.0,456.0
19.0,0,1,0,1,0.0,89.0,84.0,54.0,94.0,86.0,49.0,88.0,1.0,16.0,0.0,2.0,12.0,22.0,0.0,0.0,0.0,0.0,467.0
20.0,0,0,0,0,0.0,87.0,90.0,61.0,80.0,87.0,49.0,85.0,4.0,10.0,0.0,1.0,7.0,17.0,0.0,1.0,0.0,0.0,442.0
21.0,0,0,0,0,0.0,81.0,86.0,53.0,94.0,87.0,49.0,88.0,1.0,10.0,0.0,1.0,7.0,11.0,0.0,3.0,41.0,0.0,455.0
28.0,0,0,0,0,0.0,83.0,86.0,67.0,93.0,90.0,49.0,85.0,4.0,27.0,1.0,5.0,17.0,57.0,7.0,21.0,0.0,0.0,439.0
28.0,0,0,1,0,0.0,92.0,80.0,54.0,90.0,86.0,49.0,88.0,0.0,24.0,1.0,2.0,16.0,62.0,0.0,1.0,60.0,0.0,381.0
41.0,0,0,0,0,0.0,93.0,96.0,75.0,98.0,98.0,49.0,85.0,1.0,13.0,1.0,2.0,9.0,25.0,0.0,0.0,10.0,3.0,502.0
32.0,0,0,0,0,0.0,90.0,61.0,24.0,88.0,88.0,49.0,85.0,2.0,43.0,0.0,3.0,31.0,143.0,4.0,7.0,0.0,0.0,358.0
36.0,0,0,0,0,0.0,93.0,64.0,37.0,88.0,90.0,50.0,85.0,1.0,24.0,0.0,1.0,18.0,44.0,1.0,9.0,81.0,0.0,358.0
36.0,0,0,0,0,0.0,87.0,77.0,62.0,88.0,87.0,49.0,85.0,7.0,16.0,2.0,1.0,10.0,23.0,0.0,1.0,0.0,0.0,414.0
20.0,0,0,0,0,0.0,93.0,89.0,55.0,94.0,86.0,49.0,88.0,1.0,10.0,0.0,1.0,8.0,21.0,5.0,8.0,0.0,0.0,447.0
25.0,1,0,0,0,0.0,82.0,67.0,74.0,89.0,87.0,49.0,85.0,1.0,1.0,0.0,0.0,1.0,1.0,0.0,0.0,34.0,0.0,506.0
23.0,0,1,0,1,0.0,90.0,84.0,80.0,92.0,86.0,49.0,88.0,4.0,18.0,2.0,1.0,12.0,37.0,12.0,21.0,0.0,0.0,454.0
21.0,1,1,1,1,0.0,90.0,89.0,74.0,94.0,86.0,49.0,88.0,0.0,3.0,0.0,0.0,2.0,3.0,0.0,0.0,0.0,0.0,566.0
22.0,0,1,1,1,0.0,89.0,65.0,68.0,95.0,87.0,49.0,85.0,3.0,18.0,1.0,1.0,12.0,28.0,1.0,2.0,0.0,0.0,426.0
27.0,0,0,0,0,0.0,85.0,75.0,62.0,91.0,87.0,49.0,85.0,0.0,28.0,1.0,4.0,19.0,74.0,4.0,11.0,0.0,0.0,398.0
30.0,0,0,0,0,0.0,86.0,85.0,67.0,94.0,87.0,49.0,88.0,1.0,21.0,1.0,3.0,13.0,29.0,5.0,6.0,0.0,0.0,451.0
24.0,0,1,0,1,0.0,84.0,69.0,49.0,84.0,87.0,49.0,85.0,1.0,12.0,0.0,3.0,8.0,27.0,5.0,10.0,0.0,0.0,378.0
25.0,0,1,1,1,0.0,90.0,76.0,48.0,81.0,89.0,49.0,85.0,1.0,5.0,1.0,1.0,3.0,9.0,3.0,5.0,0.0,0.0,468.0
26.0,1,1,1,1,0.0,78.0,85.0,81.0,81.0,87.0,49.0,88.0,5.0,38.0,2.0,2.0,28.0,124.0,2.0,14.0,0.0,0.0,467.0
26.0,0,0,0,0,0.0,85.0,40.0,57.0,83.0,87.0,57.0,77.0,1.0,48.0,1.0,6.0,32.0,150.0,2.0,5.0,0.0,0.0,358.0
20.0,1,0,0,0,0.0,92.0,65.0,53.0,94.0,88.0,49.0,85.0,2.0,20.0,0.0,2.0,13.0,46.0,5.0,7.0,0.0,0.0,475.0
43.0,0,0,0,0,0.0,87.0,90.0,27.0,89.0,86.0,49.0,85.0,1.0,38.0,1.0,4.0,25.0,138.0,7.0,29.0,0.0,0.0,358.0
23.0,0,0,0,0,0.0,85.0,46.0,72.0,91.0,80.0,49.0,85.0,6.0,3.0,0.0,0.0,1.0,4.0,0.0,0.0,30.0,0.0,482.0
35.0,0,1,1,1,0.0,92.0,88.0,33.0,96.0,87.0,49.0,85.0,3.0,24.0,2.0,1.0,16.0,34.0,0.0,0.0,32.0,0.0,385.0
28.0,0,0,0,0,0.0,88.0,79.0,82.0,95.0,89.0,49.0,85.0,3.0,6.0,1.0,0.0,2.0,6.0,0.0,0.0,0.0,0.0,492.0
32.0,0,1,1,1,0.0,89.0,89.0,69.0,94.0,87.0,49.0,88.0,1.0,9.0,0.0,1.0,6.0,11.0,0.0,1.0,0.0,0.0,477.0
27.0,0,1,1,1,0.0,98.0,36.0,77.0,95.0,90.0,56.0,85.0,0.0,21.0,0.0,2.0,13.0,43.0,0.0,0.0,0.0,0.0,358.0
21.0,0,1,1,1,0.0,76.0,76.0,91.0,91.0,87.0,49.0,85.0,3.0,24.0,3.0,2.0,14.0,57.0,7.0,18.0,0.0,0.0,471.0
35.0,0,1,0,1,0.0,86.0,82.0,38.0,91.0,87.0,49.0,88.0,2.0,25.0,0.0,2.0,18.0,39.0,0.0,0.0,40.0,0.0,421.0
21.0,0,0,0,0,0.0,90.0,87.0,54.0,96.0,87.0,49.0,85.0,5.0,8.0,0.0,0.0,6.0,14.0,1.0,2.0,0.0,0.0,478.0
26.0,0,0,0,0,0.0,83.0,73.0,64.0,96.0,87.0,49.0,85.0,2.0,22.0,0.0,4.0,12.0,37.0,0.0,0.0,0.0,0.0,412.0
31.0,0,0,0,0,0.0,91.0,69.0,30.0,91.0,83.0,49.0,97.0,5.0,13.0,0.0,1.0,8.0,41.0,2.0,5.0,22.0,0.0,447.0
24.0,0,0,0,0,0.0,76.0,73.0,57.0,85.0,86.0,49.0,85.0,5.0,8.0,0.0,0.0,6.0,10.0,0.0,0.0,0.0,0.0,487.0
32.0,0,0,0,0,0.0,89.0,82.0,74.0,90.0,87.0,49.0,88.0,1.0,32.0,1.0,4.0,18.0,63.0,2.0,27.0,0.0,0.0,501.0
20.0,0,0,0,0,0.0,94.0,89.0,86.0,94.0,87.0,49.0,88.0,1.0,1.0,0.0,0.0,1.0,1.0,0.0,0.0,0.0,0.0,610.0
26.0,0,1,0,1,0.0,85.0,45.0,44.0,92.0,87.0,49.0,85.0,2.0,22.0,0.0,2.0,16.0,45.0,0.0,2.0,0.0,0.0,462.0
30.0,0,1,0,1,0.0,89.0,93.0,55.0,87.0,86.0,49.0,85.0,5.0,8.0,1.0,0.0,5.0,11.0,0.0,0.0,0.0,0.0,448.0
21.0,0,1,1,1,0.0,85.0,80.0,72.0,96.0,87.0,49.0,85.0,0.0,8.0,0.0,1.0,5.0,8.0,1.0,1.0,11.0,0.0,511.0
26.0,0,0,1,0,0.0,90.0,85.0,76.0,92.0,87.0,49.0,88.0,1.0,23.0,0.0,3.0,15.0,38.0,6.0,17.0,63.0,0.0,395.0
23.0,0,0,0,0,0.0,80.0,78.0,59.0,96.0,86.0,49.0,85.0,2.0,35.0,1.0,6.0,20.0,105.0,13.0,18.0,0.0,0.0,435.0
23.0,0,0,0,0,0.0,92.0,68.0,52.0,85.0,87.0,50.0,88.0,1.0,26.0,2.0,2.0,17.0,76.0,4.0,15.0,0.0,0.0,370.0
35.0,0,0,0,0,0.0,90.0,65.0,77.0,91.0,87.0,49.0,85.0,0.0,8.0,1.0,0.0,4.0,19.0,1.0,1.0,0.0,0.0,462.0
21.0,0,1,0,1,0.0,92.0,92.0,51.0,94.0,86.0,49.0,88.0,2.0,10.0,0.0,1.0,7.0,23.0,8.0,13.0,0.0,0.0,479.0
46.0,1,0,0,0,0.0,83.0,89.0,86.0,94.0,87.0,49.0,88.0,0.0,2.0,0.0,0.0,1.0,2.0,1.0,1.0,0.0,0.0,578.0
21.0,0,0,0,0,0.0,94.0,91.0,24.0,96.0,86.0,57.0,85.0,2.0,16.0,0.0,2.0,10.0,59.0,5.0,14.0,0.0,0.0,358.0
34.0,0,0,0,0,0.0,91.0,86.0,54.0,87.0,86.0,49.0,88.0,2.0,18.0,0.0,1.0,13.0,31.0,0.0,0.0,0.0,0.0,467.0
25.0,1,0,0,0,0.0,83.0,93.0,37.0,84.0,86.0,49.0,88.0,1.0,21.0,1.0,2.0,13.0,49.0,0.0,3.0,0.0,0.0,417.0
26.0,0,0,0,0,0.0,85.0,59.0,46.0,92.0,87.0,57.0,85.0,1.0,37.0,3.0,2.0,24.0,74.0,1.0,4.0,222.0,0.0,429.0
26.0,0,0,0,0,0.0,92.0,80.0,64.0,92.0,86.0,49.0,88.0,1.0,2.0,1.0,0.0,1.0,3.0,1.0,1.0,100.0,0.0,490.0
26.0,0,0,0,0,0.0,82.0,68.0,81.0,92.0,87.0,49.0,85.0,1.0,21.0,0.0,3.0,15.0,34.0,0.0,0.0,41.0,0.0,472.0
26.0,1,1,0,1,0.0,76.0,78.0,55.0,92.0,87.0,49.0,85.0,1.0,26.0,1.0,2.0,17.0,57.0,7.0,16.0,148.0,0.0,432.0
29.0,0,0,1,0,0.0,90.0,89.0,70.0,94.0,87.0,49.0,88.0,2.0,2.0,0.0,0.0,2.0,3.0,1.0,2.0,0.0,0.0,571.0
31.0,1,0,1,0,0.0,86.0,55.0,65.0,92.0,86.0,49.0,88.0,4.0,22.0,0.0,3.0,16.0,33.0,0.0,1.0,32.0,0.0,417.0
27.0,1,0,1,0,0.0,86.0,79.0,60.0,80.0,87.0,49.0,88.0,0.0,31.0,0.0,1.0,23.0,68.0,0.0,0.0,0.0,0.0,477.0
24.0,0,0,0,0,0.0,91.0,46.0,65.0,86.0,86.0,49.0,88.0,4.0,14.0,1.0,2.0,7.0,40.0,3.0,4.0,0.0,0.0,358.0
26.0,0,0,0,0,0.0,85.0,82.0,55.0,88.0,87.0,49.0,88.0,2.0,18.0,1.0,2.0,13.0,34.0,4.0,6.0,0.0,0.0,425.0
24.0,0,0,1,1,0.0,83.0,75.0,50.0,93.0,87.0,49.0,52.0,0.0,29.0,1.0,4.0,21.0,80.0,2.0,10.0,0.0,0.0,424.0
26.0,0,0,0,0,0.0,85.0,76.0,68.0,91.0,87.0,49.0,85.0,1.0,16.0,1.0,0.0,9.0,25.0,0.0,0.0,0.0,0.0,512.0
36.0,0,0,0,0,0.0,95.0,41.0,63.0,93.0,85.0,49.0,85.0,6.0,18.0,0.0,0.0,14.0,32.0,0.0,0.0,75.0,0.0,358.0
21.0,0,0,0,0,0.0,91.0,86.0,61.0,97.0,87.0,49.0,85.0,1.0,2.0,0.0,0.0,2.0,5.0,1.0,3.0,0.0,0.0,529.0
23.0,0,1,0,1,0.0,89.0,96.0,84.0,94.0,86.0,49.0,88.0,2.0,4.0,1.0,0.0,3.0,12.0,0.0,0.0,0.0,0.0,637.0
21.0,0,0,0,0,0.0,92.0,88.0,64.0,94.0,86.0,49.0,88.0,1.0,23.0,0.0,1.0,17.0,49.0,9.0,18.0,0.0,0.0,401.0
22.0,1,0,0,0,0.0,90.0,90.0,83.0,94.0,87.0,48.0,88.0,2.0,3.0,0.0,1.0,2.0,4.0,1.0,2.0,0.0,0.0,560.0
33.0,0,1,1,1,0.0,91.0,80.0,41.0,92.0,87.0,49.0,88.0,1.0,16.0,0.0,1.0,10.0,18.0,0.0,0.0,40.0,0.0,438.0
34.0,1,0,0,0,0.0,86.0,72.0,62.0,96.0,90.0,49.0,85.0,1.0,6.0,1.0,0.0,4.0,12.0,2.0,4.0,0.0,0.0,565.0
40.0,0,0,0,0,0.0,82.0,72.0,83.0,83.0,87.0,49.0,85.0,1.0,32.0,0.0,2.0,25.0,100.0,5.0,19.0,0.0,0.0,401.0
32.0,1,0,0,0,0.0,79.0,26.0,34.0,92.0,86.0,49.0,85.0,4.0,10.0,0.0,1.0,7.0,15.0,1.0,1.0,40.0,0.0,358.0
35.0,0,0,0,0,0.0,91.0,44.0,60.0,89.0,87.0,49.0,85.0,1.0,33.0,0.0,1.0,23.0,88.0,1.0,1.0,21.0,0.0,393.0
27.0,0,1,0,1,0.0,94.0,76.0,71.0,95.0,86.0,49.0,85.0,0.0,3.0,0.0,0.0,2.0,3.0,0.0,0.0,40.0,0.0,500.0
36.0,0,0,0,0,0.0,87.0,64.0,26.0,75.0,87.0,49.0,85.0,4.0,29.0,1.0,2.0,20.0,59.0,0.0,0.0,61.0,2.0,358.0
25.0,1,0,0,0,0.0,88.0,89.0,64.0,94.0,87.0,49.0,88.0,1.0,3.0,0.0,0.0,3.0,4.0,0.0,0.0,0.0,0.0,570.0
25.0,0,0,0,0,0.0,87.0,74.0,83.0,86.0,86.0,57.0,85.0,1.0,4.0,2.0,0.0,2.0,5.0,1.0,1.0,0.0,0.0,559.0
28.0,0,0,0,0,0.0,81.0,68.0,81.0,92.0,87.0,49.0,85.0,2.0,15.0,2.0,2.0,8.0,33.0,0.0,0.0,0.0,0.0,410.0
52.0,1,1,0,1,0.0,79.0,60.0,87.0,87.0,89.0,49.0,85.0,0.0,2.0,0.0,0.0,1.0,2.0,0.0,0.0,40.0,3.0,429.0
32.0,0,0,0,0,0.0,87.0,75.0,30.0,90.0,87.0,49.0,85.0,2.0,12.0,0.0,1.0,8.0,12.0,2.0,4.0,148.0,0.0,404.0
22.0,0,1,0,1,0.0,92.0,89.0,40.0,94.0,86.0,49.0,88.0,1.0,15.0,1.0,1.0,11.0,29.0,5.0,8.0,0.0,0.0,422.0
19.0,0,0,0,0,0.0,89.0,89.0,38.0,94.0,87.0,49.0,88.0,3.0,15.0,1.0,2.0,10.0,21.0,5.0,10.0,0.0,0.0,404.0
32.0,0,0,0,0,0.0,85.0,71.0,66.0,85.0,86.0,49.0,85.0,2.0,11.0,1.0,1.0,5.0,15.0,0.0,0.0,0.0,0.0,461.0
24.0,0,0,0,0,0.0,93.0,70.0,65.0,92.0,86.0,49.0,85.0,1.0,21.0,2.0,0.0,13.0,45.0,0.0,1.0,0.0,0.0,489.0
19.0,1,0,0,0,0.0,90.0,89.0,66.0,94.0,87.0,49.0,85.0,6.0,12.0,0.0,1.0,7.0,14.0,0.0,0.0,0.0,0.0,478.0
23.0,0,0,0,0,0.0,88.0,93.0,64.0,91.0,87.0,57.0,88.0,1.0,6.0,0.0,0.0,5.0,8.0,0.0,0.0,30.0,0.0,541.0
22.0,0,0,0,0,0.0,93.0,89.0,41.0,94.0,87.0,49.0,88.0,2.0,10.0,0.0,2.0,7.0,13.0,3.0,5.0,0.0,0.0,491.0
24.0,0,0,0,0,0.0,92.0,89.0,75.0,94.0,86.0,49.0,88.0,4.0,8.0,1.0,2.0,3.0,10.0,0.0,0.0,0.0,0.0,552.0
30.0,1,0,0,0,0.0,91.0,71.0,52.0,96.0,87.0,49.0,85.0,1.0,4.0,1.0,0.0,3.0,5.0,1.0,3.0,0.0,0.0,497.0
20.0,0,0,0,0,0.0,90.0,78.0,49.0,91.0,89.0,49.0,85.0,4.0,15.0,0.0,2.0,9.0,31.0,2.0,5.0,0.0,0.0,382.0
23.0,1,1,1,1,0.0,83.0,90.0,63.0,94.0,86.0,49.0,88.0,1.0,31.0,1.0,1.0,22.0,70.0,0.0,2.0,32.0,0.0,452.0
22.0,0,0,0,0,0.0,90.0,49.0,58.0,88.0,87.0,49.0,85.0,3.0,12.0,1.0,2.0,5.0,13.0,1.0,3.0,0.0,0.0,424.0
21.0,0,0,0,0,0.0,92.0,74.0,66.0,82.0,87.0,49.0,85.0,4.0,8.0,1.0,3.0,3.0,13.0,0.0,0.0,0.0,0.0,467.0
19.0,0,0,0,0,0.0,92.0,90.0,94.0,94.0,88.0,49.0,88.0,6.0,1.0,0.0,0.0,0.0,1.0,0.0,0.0,0.0,0.0,640.0
20.0,1,1,0,1,0.0,90.0,89.0,73.0,94.0,86.0,49.0,88.0,1.0,4.0,0.0,0.0,4.0,4.0,0.0,1.0,0.0,0.0,552.0
30.0,0,1,0,1,0.0,94.0,89.0,29.0,94.0,86.0,49.0,88.0,4.0,9.0,0.0,1.0,7.0,19.0,4.0,14.0,0.0,0.0,405.0
32.0,0,0,0,0,0.0,85.0,82.0,78.0,93.0,87.0,61.0,85.0,4.0,9.0,0.0,2.0,6.0,9.0,4.0,6.0,0.0,0.0,399.0
27.0,1,0,0,0,0.0,96.0,86.0,85.0,96.0,86.0,49.0,85.0,1.0,15.0,1.0,2.0,9.0,16.0,3.0,3.0,0.0,0.0,520.0
24.0,0,1,0,1,0.0,90.0,71.0,38.0,88.0,86.0,49.0,88.0,2.0,21.0,2.0,1.0,15.0,57.0,4.0,11.0,20.0,0.0,358.0
34.0,0,0,0,0,0.0,87.0,67.0,61.0,88.0,86.0,49.0,85.0,2.0,16.0,0.0,2.0,11.0,33.0,0.0,1.0,0.0,0.0,376.0
27.0,0,1,0,1,0.0,86.0,80.0,45.0,81.0,87.0,49.0,88.0,4.0,21.0,0.0,2.0,14.0,60.0,5.0,9.0,0.0,0.0,445.0
28.0,0,0,0,0,0.0,91.0,79.0,69.0,90.0,82.0,49.0,88.0,3.0,21.0,2.0,0.0,16.0,39.0,0.0,2.0,0.0,0.0,451.0
24.0,0,0,0,0,0.0,83.0,77.0,70.0,91.0,87.0,49.0,85.0,0.0,18.0,2.0,4.0,10.0,25.0,4.0,5.0,0.0,0.0,435.0
26.0,0,0,0,0,0.0,91.0,68.0,49.0,90.0,91.0,49.0,85.0,1.0,15.0,1.0,2.0,9.0,32.0,0.0,2.0,0.0,0.0,380.0
23.0,1,1,1,1,0.0,77.0,85.0,58.0,94.0,87.0,49.0,88.0,5.0,9.0,0.0,0.0,6.0,14.0,0.0,0.0,0.0,0.0,454.0
28.0,0,1,1,1,0.0,94.0,88.0,46.0,56.0,96.0,49.0,85.0,2.0,32.0,1.0,3.0,22.0,100.0,0.0,10.0,0.0,0.0,358.0
21.0,1,0,0,0,0.0,91.0,89.0,58.0,94.0,87.0,49.0,88.0,4.0,5.0,0.0,1.0,4.0,5.0,1.0,1.0,0.0,0.0,541.0
30.0,0,0,0,0,0.0,84.0,64.0,52.0,69.0,87.0,49.0,85.0,1.0,8.0,1.0,0.0,6.0,8.0,0.0,0.0,12.0,0.0,517.0
27.0,0,0,0,0,0.0,92.0,87.0,64.0,96.0,87.0,49.0,85.0,1.0,10.0,0.0,1.0,6.0,21.0,3.0,3.0,0.0,0.0,497.0
21.0,0,0,0,0,0.0,96.0,78.0,67.0,84.0,92.0,49.0,85.0,3.0,4.0,2.0,0.0,0.0,7.0,1.0,1.0,0.0,0.0,519.0
25.0,1,0,0,0,0.0,72.0,84.0,65.0,94.0,87.0,49.0,88.0,5.0,7.0,1.0,0.0,4.0,7.0,0.0,0.0,0.0,0.0,458.0
23.0,0,0,0,0,0.0,88.0,83.0,81.0,89.0,86.0,49.0,88.0,1.0,3.0,1.0,0.0,2.0,4.0,0.0,0.0,0.0,0.0,536.0
23.0,0,0,0,0,0.0,87.0,73.0,76.0,94.0,87.0,49.0,88.0,1.0,13.0,0.0,2.0,8.0,28.0,10.0,14.0,0.0,0.0,431.0
19.0,0,0,0,0,0.0,92.0,89.0,82.0,94.0,86.0,49.0,88.0,4.0,1.0,0.0,1.0,0.0,5.0,1.0,4.0,0.0,0.0,584.0
21.0,0,0,0,0,0.0,91.0,64.0,54.0,92.0,87.0,53.0,85.0,1.0,14.0,1.0,1.0,9.0,30.0,1.0,6.0,0.0,0.0,385.0
22.0,1,0,1,0,0.0,91.0,89.0,55.0,94.0,87.0,49.0,88.0,2.0,12.0,0.0,3.0,7.0,23.0,1.0,1.0,10.0,0.0,509.0
31.0,1,0,1,1,0.0,92.0,89.0,79.0,94.0,86.0,49.0,88.0,1.0,5.0,0.0,0.0,4.0,8.0,0.0,0.0,0.0,0.0,615.0
40.0,0,0,0,0,0.0,94.0,71.0,24.0,90.0,95.0,49.0,91.0,1.0,23.0,0.0,3.0,18.0,64.0,5.0,16.0,23.0,0.0,358.0
27.0,0,0,0,0,0.0,94.0,88.0,65.0,97.0,95.0,49.0,85.0,1.0,15.0,2.0,1.0,11.0,21.0,0.0,2.0,0.0,0.0,435.0
26.0,0,0,1,1,0.0,86.0,70.0,74.0,85.0,87.0,49.0,88.0,6.0,8.0,0.0,0.0,6.0,13.0,0.0,0.0,10.0,0.0,430.0
31.0,1,0,1,0,0.0,69.0,52.0,61.0,83.0,87.0,49.0,85.0,1.0,9.0,0.0,1.0,5.0,11.0,0.0,0.0,0.0,0.0,444.0
28.0,0,0,0,0,0.0,91.0,89.0,63.0,94.0,87.0,49.0,88.0,1.0,10.0,0.0,0.0,7.0,12.0,5.0,5.0,0.0,0.0,515.0
33.0,0,0,0,0,0.0,84.0,63.0,41.0,92.0,83.0,49.0,85.0,1.0,34.0,2.0,4.0,25.0,57.0,3.0,7.0,13.0,0.0,392.0
26.0,0,0,0,0,0.0,92.0,91.0,80.0,94.0,88.0,49.0,88.0,7.0,3.0,0.0,0.0,1.0,3.0,0.0,0.0,0.0,0.0,626.0
41.0,1,0,0,0,0.0,83.0,88.0,72.0,95.0,84.0,49.0,77.0,1.0,31.0,1.0,2.0,22.0,50.0,0.0,2.0,0.0,0.0,495.0
33.0,1,1,1,1,0.0,86.0,82.0,70.0,86.0,76.0,49.0,85.0,0.0,10.0,1.0,1.0,4.0,11.0,0.0,2.0,316.0,0.0,564.0
27.0,1,0,0,0,0.0,74.0,89.0,66.0,96.0,86.0,49.0,85.0,1.0,11.0,0.0,0.0,8.0,16.0,0.0,0.0,0.0,0.0,505.0
50.0,0,0,0,0,0.0,91.0,53.0,55.0,94.0,83.0,49.0,85.0,1.0,21.0,1.0,2.0,14.0,52.0,3.0,5.0,0.0,0.0,482.0
27.0,0,1,0,1,0.0,98.0,90.0,93.0,97.0,93.0,49.0,85.0,4.0,1.0,0.0,1.0,0.0,1.0,0.0,0.0,0.0,0.0,698.0
24.0,0,0,0,0,0.0,90.0,89.0,46.0,94.0,87.0,49.0,88.0,1.0,7.0,0.0,1.0,4.0,12.0,0.0,3.0,0.0,0.0,561.0
30.0,0,0,0,0,0.0,95.0,96.0,19.0,94.0,90.0,61.0,88.0,1.0,11.0,0.0,1.0,8.0,16.0,1.0,10.0,0.0,0.0,440.0
38.0,1,0,0,0,0.0,81.0,45.0,87.0,67.0,86.0,49.0,85.0,2.0,13.0,0.0,0.0,9.0,19.0,1.0,1.0,269.0,0.0,402.0
37.0,0,0,0,0,0.0,83.0,47.0,66.0,88.0,95.0,49.0,85.0,0.0,48.0,1.0,5.0,30.0,125.0,0.0,0.0,0.0,1.0,358.0
31.0,1,1,1,1,0.0,86.0,67.0,76.0,94.0,87.0,49.0,85.0,1.0,6.0,0.0,0.0,4.0,7.0,0.0,0.0,135.0,0.0,492.0
24.0,0,0,0,0,0.0,89.0,71.0,77.0,93.0,86.0,49.0,85.0,2.0,10.0,0.0,3.0,5.0,16.0,4.0,6.0,0.0,0.0,473.0
20.0,1,0,0,0,0.0,89.0,91.0,32.0,94.0,86.0,49.0,88.0,1.0,7.0,0.0,2.0,5.0,12.0,6.0,10.0,0.0,0.0,465.0
25.0,0,0,0,0,0.0,90.0,73.0,52.0,89.0,87.0,49.0,85.0,1.0,25.0,1.0,1.0,19.0,42.0,5.0,7.0,0.0,0.0,478.0
27.0,0,0,0,0,0.0,89.0,89.0,68.0,88.0,86.0,49.0,85.0,1.0,11.0,1.0,1.0,6.0,28.0,2.0,4.0,0.0,0.0,405.0
21.0,0,0,0,0,0.0,86.0,86.0,41.0,94.0,87.0,49.0,88.0,1.0,14.0,0.0,3.0,8.0,29.0,4.0,6.0,0.0,0.0,415.0
26.0,0,0,0,0,0.0,94.0,87.0,71.0,95.0,89.0,49.0,85.0,4.0,9.0,0.0,1.0,5.0,15.0,8.0,10.0,0.0,0.0,545.0
25.0,0,0,0,0,0.0,88.0,57.0,29.0,90.0,86.0,49.0,85.0,5.0,32.0,3.0,3.0,19.0,113.0,19.0,40.0,0.0,0.0,371.0
22.0,0,1,0,1,0.0,73.0,52.0,38.0,81.0,87.0,49.0,85.0,2.0,26.0,0.0,2.0,17.0,55.0,0.0,0.0,31.0,0.0,358.0
26.0,1,0,0,0,0.0,81.0,73.0,52.0,94.0,90.0,49.0,85.0,2.0,27.0,2.0,4.0,16.0,49.0,1.0,3.0,0.0,0.0,450.0
32.0,0,0,1,0,0.0,93.0,79.0,63.0,88.0,86.0,49.0,88.0,0.0,16.0,0.0,1.0,12.0,24.0,1.0,1.0,84.0,0.0,517.0
35.0,0,0,1,0,0.0,90.0,68.0,22.0,81.0,81.0,49.0,85.0,0.0,18.0,1.0,2.0,13.0,38.0,0.0,2.0,237.0,0.0,358.0
24.0,0,0,0,0,0.0,89.0,84.0,69.0,94.0,87.0,49.0,88.0,1.0,31.0,0.0,4.0,20.0,87.0,12.0,28.0,0.0,0.0,501.0
24.0,0,0,0,0,0.0,87.0,39.0,68.0,83.0,87.0,49.0,85.0,1.0,18.0,1.0,2.0,11.0,38.0,4.0,4.0,0.0,0.0,453.0
31.0,0,0,0,0,0.0,74.0,74.0,66.0,83.0,97.0,49.0,85.0,1.0,22.0,0.0,1.0,19.0,43.0,1.0,2.0,0.0,0.0,420.0
24.0,0,0,0,0,0.0,95.0,89.0,70.0,94.0,86.0,49.0,88.0,2.0,7.0,0.0,2.0,4.0,8.0,1.0,1.0,0.0,0.0,495.0
25.0,0,1,0,1,0.0,86.0,83.0,63.0,79.0,87.0,49.0,88.0,0.0,9.0,1.0,2.0,4.0,20.0,0.0,0.0,0.0,0.0,470.0
23.0,0,0,0,0,0.0,84.0,65.0,62.0,82.0,87.0,49.0,85.0,2.0,16.0,2.0,2.0,9.0,26.0,0.0,0.0,0.0,0.0,471.0
29.0,0,0,0,0,0.0,85.0,77.0,29.0,80.0,86.0,49.0,77.0,1.0,24.0,1.0,4.0,17.0,50.0,9.0,20.0,0.0,0.0,411.0
27.0,0,1,1,1,0.0,94.0,81.0,74.0,95.0,86.0,49.0,85.0,1.0,16.0,0.0,2.0,11.0,34.0,0.0,2.0,0.0,0.0,513.0
26.0,0,0,0,0,0.0,95.0,89.0,50.0,94.0,86.0,49.0,88.0,1.0,31.0,1.0,3.0,19.0,74.0,5.0,11.0,0.0,0.0,397.0
30.0,1,0,0,0,0.0,85.0,43.0,18.0,80.0,87.0,57.0,85.0,1.0,44.0,0.0,4.0,30.0,99.0,14.0,26.0,0.0,0.0,471.0
27.0,0,0,0,0,0.0,90.0,89.0,56.0,94.0,87.0,49.0,88.0,1.0,22.0,1.0,2.0,15.0,52.0,1.0,6.0,0.0,0.0,436.0
22.0,0,0,0,0,0.0,92.0,91.0,87.0,94.0,86.0,49.0,88.0,1.0,1.0,0.0,0.0,1.0,1.0,0.0,0.0,0.0,0.0,656.0
29.0,1,0,0,0,0.0,77.0,85.0,69.0,94.0,87.0,49.0,88.0,1.0,27.0,0.0,4.0,21.0,89.0,12.0,34.0,0.0,0.0,530.0
31.0,1,0,0,0,0.0,76.0,77.0,60.0,81.0,87.0,49.0,85.0,0.0,22.0,0.0,1.0,16.0,30.0,1.0,1.0,0.0,0.0,466.0
43.0,0,0,1,0,0.0,88.0,54.0,68.0,78.0,81.0,49.0,88.0,2.0,23.0,2.0,1.0,15.0,49.0,3.0,6.0,0.0,0.0,358.0
19.0,1,0,0,0,0.0,91.0,87.0,76.0,95.0,88.0,49.0,77.0,2.0,7.0,0.0,0.0,6.0,11.0,0.0,0.0,0.0,0.0,458.0
34.0,0,0,0,0,0.0,91.0,78.0,88.0,95.0,86.0,49.0,85.0,4.0,5.0,1.0,3.0,0.0,12.0,1.0,1.0,0.0,0.0,564.0
23.0,1,0,0,0,0.0,87.0,64.0,27.0,97.0,91.0,49.0,89.0,1.0,25.0,1.0,3.0,16.0,42.0,4.0,7.0,34.0,0.0,389.0
50.0,0,0,1,0,0.0,91.0,60.0,69.0,98.0,89.0,49.0,85.0,1.0,3.0,0.0,0.0,1.0,5.0,0.0,0.0,161.0,0.0,487.0
29.0,1,0,1,0,0.0,78.0,85.0,68.0,81.0,87.0,49.0,88.0,1.0,21.0,1.0,3.0,12.0,38.0,1.0,1.0,0.0,0.0,459.0
20.0,0,1,1,1,0.0,94.0,89.0,61.0,94.0,87.0,49.0,88.0,1.0,8.0,0.0,1.0,7.0,10.0,0.0,0.0,0.0,0.0,527.0
24.0,1,0,0,0,0.0,74.0,85.0,52.0,91.0,86.0,49.0,88.0,0.0,31.0,0.0,0.0,24.0,48.0,0.0,0.0,0.0,0.0,490.0
26.0,0,0,0,0,0.0,88.0,90.0,74.0,96.0,87.0,49.0,85.0,3.0,9.0,1.0,1.0,5.0,10.0,0.0,1.0,60.0,0.0,509.0
24.0,0,1,1,1,0.0,87.0,33.0,54.0,91.0,90.0,49.0,85.0,0.0,23.0,1.0,3.0,13.0,56.0,0.0,0.0,0.0,0.0,446.0
33.0,0,0,0,0,0.0,96.0,89.0,62.0,96.0,90.0,49.0,85.0,1.0,11.0,0.0,2.0,5.0,23.0,5.0,10.0,0.0,0.0,438.0
28.0,1,1,1,1,0.0,93.0,84.0,77.0,94.0,86.0,49.0,77.0,3.0,4.0,1.0,0.0,3.0,4.0,0.0,0.0,0.0,0.0,512.0
25.0,0,0,0,0,0.0,92.0,42.0,57.0,94.0,86.0,56.0,88.0,3.0,14.0,1.0,2.0,8.0,48.0,4.0,9.0,0.0,0.0,371.0
43.0,0,1,0,1,0.0,91.0,88.0,87.0,96.0,86.0,49.0,85.0,6.0,2.0,0.0,0.0,0.0,2.0,0.0,0.0,0.0,0.0,620.0
23.0,0,1,0,1,0.0,92.0,92.0,80.0,94.0,87.0,50.0,88.0,1.0,6.0,0.0,0.0,5.0,7.0,0.0,0.0,0.0,0.0,555.0
34.0,0,0,0,0,0.0,92.0,92.0,45.0,89.0,89.0,61.0,88.0,1.0,5.0,0.0,2.0,3.0,9.0,1.0,4.0,281.0,0.0,490.0
23.0,0,0,1,0,0.0,94.0,94.0,29.0,93.0,86.0,48.0,85.0,2.0,41.0,2.0,5.0,27.0,170.0,9.0,19.0,0.0,0.0,358.0
24.0,0,0,0,0,0.0,88.0,86.0,34.0,86.0,88.0,49.0,85.0,2.0,13.0,0.0,1.0,10.0,22.0,1.0,3.0,0.0,0.0,376.0
24.0,0,1,0,1,0.0,92.0,89.0,87.0,94.0,86.0,49.0,88.0,1.0,1.0,0.0,0.0,1.0,1.0,0.0,0.0,0.0,0.0,650.0
23.0,0,0,0,0,0.0,91.0,47.0,70.0,96.0,87.0,49.0,85.0,1.0,8.0,0.0,1.0,4.0,22.0,1.0,1.0,0.0,0.0,564.0
30.0,0,0,0,0,0.0,86.0,79.0,52.0,92.0,87.0,49.0,88.0,4.0,24.0,0.0,3.0,12.0,48.0,2.0,4.0,186.0,0.0,449.0
25.0,0,0,0,0,0.0,90.0,41.0,24.0,94.0,86.0,49.0,88.0,1.0,33.0,0.0,2.0,25.0,123.0,14.0,33.0,0.0,0.0,389.0
26.0,0,1,1,1,0.0,95.0,85.0,87.0,74.0,80.0,57.0,85.0,3.0,4.0,1.0,1.0,1.0,6.0,0.0,1.0,0.0,0.0,528.0
26.0,0,0,1,0,0.0,91.0,68.0,62.0,86.0,87.0,49.0,85.0,2.0,32.0,2.0,2.0,21.0,83.0,1.0,5.0,0.0,0.0,383.0
32.0,0,0,0,0,0.0,92.0,69.0,58.0,94.0,87.0,49.0,88.0,1.0,3.0,0.0,0.0,3.0,3.0,0.0,0.0,0.0,0.0,529.0
25.0,0,0,0,0,0.0,95.0,92.0,83.0,94.0,88.0,49.0,88.0,1.0,4.0,0.0,1.0,2.0,15.0,3.0,5.0,0.0,0.0,707.0
30.0,0,0,0,0,0.0,98.0,90.0,59.0,98.0,96.0,59.0,85.0,1.0,17.0,1.0,1.0,11.0,19.0,0.0,1.0,0.0,0.0,594.0
33.0,0,0,0,0,0.0,98.0,97.0,68.0,98.0,96.0,56.0,85.0,1.0,7.0,0.0,0.0,4.0,8.0,0.0,1.0,0.0,0.0,652.0
24.0,0,0,0,0,0.0,85.0,72.0,85.0,91.0,87.0,49.0,85.0,2.0,19.0,1.0,2.0,14.0,36.0,18.0,26.0,0.0,0.0,463.0
25.0,0,0,0,0,0.0,88.0,74.0,64.0,94.0,87.0,61.0,88.0,1.0,6.0,1.0,0.0,4.0,7.0,3.0,3.0,0.0,0.0,565.0
33.0,1,0,1,0,0.0,83.0,56.0,54.0,92.0,86.0,49.0,85.0,1.0,18.0,0.0,1.0,11.0,34.0,0.0,0.0,0.0,0.0,457.0
38.0,0,0,0,0,0.0,97.0,90.0,61.0,95.0,87.0,49.0,85.0,2.0,12.0,0.0,2.0,9.0,27.0,7.0,18.0,0.0,0.0,569.0
23.0,0,0,0,0,0.0,93.0,61.0,28.0,96.0,86.0,49.0,85.0,6.0,24.0,0.0,4.0,15.0,81.0,3.0,6.0,0.0,0.0,399.0
35.0,0,0,0,0,0.0,94.0,79.0,42.0,96.0,85.0,49.0,85.0,4.0,22.0,1.0,2.0,14.0,55.0,3.0,3.0,0.0,0.0,404.0
24.0,0,1,1,1,0.0,93.0,44.0,68.0,91.0,87.0,57.0,88.0,1.0,41.0,1.0,3.0,26.0,101.0,0.0,0.0,0.0,0.0,420.0
22.0,0,1,0,1,0.0,93.0,53.0,81.0,94.0,87.0,51.0,88.0,1.0,11.0,0.0,1.0,8.0,23.0,2.0,2.0,0.0,0.0,397.0
23.0,0,0,0,0,0.0,91.0,87.0,58.0,96.0,87.0,49.0,85.0,1.0,3.0,0.0,0.0,2.0,4.0,0.0,0.0,0.0,0.0,579.0
22.0,0,0,0,0,0.0,87.0,76.0,55.0,86.0,86.0,49.0,88.0,1.0,24.0,1.0,2.0,15.0,71.0,6.0,13.0,0.0,0.0,474.0
23.0,0,0,0,0,0.0,85.0,71.0,74.0,85.0,87.0,49.0,85.0,1.0,39.0,1.0,5.0,27.0,87.0,17.0,34.0,0.0,0.0,401.0
34.0,0,0,0,0,0.0,91.0,89.0,28.0,94.0,88.0,49.0,88.0,1.0,34.0,3.0,0.0,23.0,96.0,4.0,25.0,0.0,0.0,362.0
37.0,0,1,1,1,0.0,92.0,65.0,60.0,95.0,87.0,49.0,77.0,4.0,7.0,0.0,2.0,5.0,9.0,2.0,2.0,0.0,0.0,469.0
33.0,0,1,0,1,0.0,91.0,84.0,80.0,94.0,86.0,49.0,88.0,1.0,3.0,0.0,2.0,1.0,3.0,0.0,0.0,0.0,0.0,555.0
23.0,0,0,0,0,0.0,83.0,76.0,61.0,91.0,87.0,49.0,85.0,2.0,33.0,0.0,2.0,24.0,74.0,3.0,4.0,0.0,0.0,458.0
24.0,1,0,1,0,0.0,78.0,85.0,68.0,90.0,87.0,49.0,88.0,2.0,34.0,1.0,2.0,21.0,79.0,0.0,0.0,0.0,0.0,462.0
26.0,0,0,0,0,0.0,87.0,83.0,37.0,96.0,87.0,49.0,85.0,0.0,18.0,0.0,3.0,10.0,19.0,8.0,14.0,0.0,0.0,436.0
24.0,0,0,1,0,0.0,94.0,56.0,80.0,94.0,87.0,50.0,88.0,2.0,6.0,0.0,0.0,4.0,27.0,1.0,1.0,0.0,0.0,512.0
23.0,0,0,0,0,0.0,92.0,60.0,52.0,94.0,86.0,49.0,88.0,1.0,10.0,0.0,0.0,9.0,17.0,0.0,0.0,0.0,0.0,440.0
24.0,0,0,0,0,0.0,84.0,66.0,71.0,96.0,87.0,49.0,85.0,2.0,18.0,0.0,1.0,14.0,41.0,3.0,11.0,0.0,0.0,382.0
21.0,0,0,1,0,0.0,70.0,55.0,60.0,91.0,87.0,49.0,85.0,1.0,20.0,0.0,1.0,15.0,30.0,0.0,1.0,0.0,0.0,431.0
32.0,0,1,1,1,0.0,94.0,78.0,76.0,94.0,87.0,49.0,85.0,1.0,5.0,0.0,0.0,4.0,7.0,0.0,1.0,0.0,0.0,558.0
26.0,1,0,0,0,0.0,72.0,82.0,63.0,86.0,87.0,49.0,88.0,6.0,7.0,0.0,1.0,3.0,10.0,0.0,0.0,0.0,0.0,525.0
35.0,0,0,0,0,0.0,88.0,58.0,38.0,81.0,77.0,49.0,85.0,2.0,18.0,0.0,3.0,10.0,53.0,6.0,12.0,0.0,0.0,358.0
48.0,0,0,1,0,0.0,87.0,53.0,44.0,89.0,86.0,49.0,85.0,0.0,6.0,0.0,0.0,3.0,8.0,0.0,0.0,31.0,2.0,459.0
24.0,1,0,1,0,0.0,86.0,80.0,58.0,87.0,87.0,49.0,88.0,4.0,9.0,1.0,2.0,3.0,31.0,1.0,2.0,0.0,0.0,451.0
34.0,0,0,0,0,0.0,91.0,87.0,57.0,94.0,86.0,49.0,88.0,1.0,9.0,0.0,0.0,7.0,11.0,0.0,0.0,0.0,0.0,471.0
22.0,1,0,0,0,0.0,92.0,87.0,90.0,96.0,87.0,49.0,85.0,1.0,2.0,0.0,0.0,1.0,2.0,2.0,2.0,0.0,0.0,669.0
24.0,0,0,1,0,0.0,96.0,32.0,67.0,82.0,86.0,49.0,85.0,2.0,32.0,1.0,3.0,20.0,126.0,1.0,3.0,0.0,0.0,381.0
28.0,0,0,0,0,0.0,86.0,85.0,46.0,80.0,87.0,49.0,88.0,4.0,19.0,0.0,2.0,14.0,40.0,0.0,2.0,0.0,0.0,431.0
21.0,1,0,1,0,0.0,90.0,90.0,69.0,94.0,86.0,49.0,88.0,1.0,13.0,0.0,3.0,7.0,18.0,0.0,3.0,0.0,0.0,517.0
22.0,0,1,0,1,0.0,87.0,89.0,74.0,94.0,87.0,49.0,88.0,1.0,18.0,1.0,2.0,13.0,26.0,3.0,16.0,0.0,0.0,464.0
20.0,1,0,0,0,0.0,96.0,91.0,83.0,96.0,87.0,52.0,85.0,1.0,4.0,0.0,1.0,3.0,6.0,0.0,1.0,0.0,0.0,640.0
21.0,0,0,0,0,0.0,93.0,85.0,22.0,94.0,86.0,49.0,88.0,2.0,20.0,0.0,3.0,12.0,56.0,3.0,9.0,0.0,0.0,387.0
32.0,1,0,1,0,0.0,82.0,83.0,50.0,84.0,86.0,49.0,85.0,4.0,11.0,0.0,2.0,6.0,15.0,0.0,0.0,0.0,0.0,437.0
37.0,1,0,1,0,0.0,68.0,45.0,70.0,85.0,79.0,57.0,85.0,0.0,2.0,0.0,1.0,0.0,2.0,0.0,0.0,0.0,0.0,410.0
37.0,0,0,0,0,0.0,78.0,78.0,85.0,90.0,87.0,57.0,85.0,0.0,31.0,2.0,2.0,21.0,92.0,8.0,26.0,0.0,0.0,457.0
28.0,0,0,0,0,0.0,93.0,76.0,69.0,91.0,87.0,51.0,85.0,0.0,29.0,0.0,2.0,18.0,77.0,20.0,40.0,0.0,0.0,469.0
20.0,0,0,0,0,0.0,90.0,80.0,61.0,96.0,87.0,49.0,85.0,1.0,8.0,0.0,2.0,5.0,9.0,1.0,1.0,0.0,0.0,474.0
23.0,0,1,0,1,0.0,85.0,76.0,63.0,86.0,87.0,49.0,85.0,2.0,7.0,1.0,0.0,6.0,7.0,2.0,2.0,33.0,0.0,510.0
26.0,0,1,0,1,0.0,84.0,62.0,55.0,87.0,87.0,49.0,85.0,0.0,11.0,1.0,0.0,5.0,13.0,0.0,1.0,51.0,0.0,477.0
25.0,0,0,0,0,0.0,79.0,74.0,44.0,94.0,87.0,49.0,88.0,1.0,27.0,0.0,2.0,20.0,54.0,12.0,16.0,0.0,0.0,394.0
22.0,0,0,1,0,0.0,92.0,56.0,52.0,94.0,89.0,49.0,88.0,1.0,9.0,0.0,0.0,6.0,34.0,0.0,0.0,0.0,0.0,419.0
24.0,0,1,1,1,0.0,93.0,29.0,81.0,97.0,86.0,49.0,85.0,3.0,2.0,1.0,0.0,1.0,3.0,0.0,0.0,0.0,0.0,545.0
23.0,0,0,1,0,0.0,97.0,47.0,74.0,92.0,87.0,49.0,85.0,1.0,25.0,0.0,1.0,16.0,75.0,0.0,0.0,0.0,0.0,424.0
32.0,0,1,0,1,0.0,92.0,83.0,74.0,94.0,95.0,48.0,85.0,4.0,5.0,0.0,1.0,4.0,6.0,0.0,1.0,0.0,0.0,576.0
21.0,0,1,1,1,0.0,91.0,86.0,64.0,96.0,87.0,49.0,85.0,6.0,15.0,0.0,2.0,9.0,37.0,0.0,1.0,0.0,0.0,527.0
32.0,0,0,0,0,0.0,87.0,87.0,58.0,87.0,86.0,49.0,88.0,2.0,7.0,0.0,1.0,5.0,11.0,0.0,0.0,65.0,0.0,457.0
24.0,0,0,0,0,0.0,80.0,90.0,21.0,84.0,83.0,49.0,88.0,5.0,11.0,0.0,0.0,8.0,35.0,0.0,5.0,10.0,0.0,428.0
26.0,1,1,0,1,0.0,85.0,74.0,63.0,92.0,86.0,49.0,88.0,1.0,10.0,1.0,2.0,7.0,18.0,0.0,0.0,0.0,0.0,433.0
27.0,0,1,1,1,0.0,94.0,94.0,64.0,94.0,86.0,49.0,88.0,0.0,11.0,0.0,0.0,8.0,21.0,0.0,0.0,0.0,0.0,552.0
24.0,0,0,0,0,0.0,96.0,84.0,78.0,95.0,94.0,49.0,85.0,4.0,5.0,0.0,1.0,3.0,6.0,3.0,3.0,0.0,0.0,615.0
24.0,0,0,1,0,0.0,93.0,48.0,58.0,87.0,87.0,49.0,85.0,6.0,37.0,0.0,4.0,23.0,99.0,0.0,0.0,90.0,0.0,430.0
45.0,0,0,0,0,0.0,84.0,66.0,71.0,86.0,87.0,49.0,85.0,1.0,29.0,2.0,4.0,18.0,60.0,6.0,19.0,34.0,0.0,399.0
51.0,0,0,0,0,0.0,89.0,85.0,86.0,94.0,83.0,57.0,85.0,1.0,4.0,1.0,0.0,2.0,7.0,1.0,1.0,0.0,0.0,492.0
30.0,0,0,1,0,0.0,85.0,83.0,60.0,83.0,87.0,49.0,85.0,1.0,30.0,0.0,1.0,22.0,69.0,0.0,0.0,0.0,0.0,482.0
30.0,0,0,0,0,0.0,90.0,91.0,82.0,84.0,87.0,50.0,88.0,0.0,27.0,0.0,1.0,19.0,35.0,1.0,1.0,157.0,0.0,485.0
23.0,0,1,1,1,0.0,91.0,59.0,60.0,94.0,86.0,49.0,88.0,2.0,14.0,0.0,3.0,9.0,42.0,0.0,1.0,0.0,0.0,389.0
24.0,0,0,0,0,0.0,86.0,79.0,69.0,83.0,87.0,49.0,88.0,1.0,3.0,0.0,0.0,1.0,4.0,0.0,0.0,0.0,0.0,544.0
23.0,0,0,0,0,0.0,90.0,72.0,62.0,84.0,87.0,49.0,85.0,2.0,23.0,1.0,1.0,16.0,46.0,0.0,0.0,0.0,0.0,474.0
32.0,0,0,0,0,0.0,93.0,59.0,23.0,84.0,86.0,60.0,85.0,1.0,14.0,1.0,0.0,9.0,37.0,6.0,10.0,102.0,0.0,358.0
29.0,1,1,0,1,0.0,94.0,90.0,32.0,96.0,96.0,49.0,85.0,3.0,22.0,2.0,2.0,13.0,31.0,13.0,13.0,11.0,0.0,395.0
34.0,1,0,0,0,0.0,93.0,92.0,59.0,95.0,85.0,49.0,85.0,4.0,8.0,0.0,2.0,5.0,20.0,1.0,5.0,0.0,0.0,479.0
37.0,0,0,0,0,0.0,87.0,79.0,42.0,93.0,87.0,49.0,88.0,6.0,20.0,1.0,1.0,14.0,32.0,0.0,0.0,50.0,0.0,432.0
23.0,0,0,0,0,0.0,87.0,90.0,53.0,88.0,86.0,49.0,85.0,4.0,11.0,1.0,1.0,7.0,37.0,1.0,2.0,11.0,0.0,471.0
27.0,0,0,0,0,0.0,87.0,81.0,51.0,79.0,87.0,49.0,88.0,5.0,14.0,0.0,2.0,10.0,66.0,2.0,4.0,0.0,0.0,431.0
26.0,1,1,0,1,0.0,76.0,83.0,43.0,87.0,88.0,49.0,85.0,1.0,13.0,0.0,2.0,7.0,19.0,3.0,7.0,0.0,0.0,421.0
22.0,0,0,1,0,0.0,91.0,63.0,64.0,96.0,87.0,49.0,85.0,1.0,3.0,0.0,0.0,2.0,8.0,0.0,0.0,0.0,0.0,548.0
34.0,0,0,0,0,0.0,93.0,81.0,84.0,97.0,92.0,49.0,85.0,3.0,3.0,1.0,0.0,1.0,6.0,2.0,2.0,0.0,0.0,558.0
22.0,0,0,1,0,0.0,92.0,89.0,76.0,94.0,87.0,49.0,88.0,5.0,4.0,0.0,1.0,1.0,23.0,0.0,0.0,0.0,0.0,639.0
26.0,0,0,0,0,0.0,85.0,86.0,80.0,95.0,86.0,49.0,85.0,1.0,5.0,1.0,2.0,2.0,9.0,0.0,2.0,0.0,0.0,509.0
24.0,0,1,1,1,0.0,92.0,79.0,86.0,94.0,87.0,55.0,88.0,1.0,2.0,0.0,0.0,1.0,14.0,0.0,0.0,0.0,0.0,629.0
27.0,0,1,0,1,0.0,89.0,79.0,62.0,91.0,87.0,49.0,85.0,1.0,23.0,1.0,2.0,16.0,42.0,0.0,0.0,0.0,0.0,464.0
28.0,0,0,0,0,0.0,93.0,85.0,45.0,86.0,87.0,49.0,88.0,1.0,13.0,0.0,1.0,10.0,24.0,4.0,12.0,0.0,0.0,437.0
21.0,0,0,0,0,0.0,90.0,78.0,60.0,93.0,86.0,49.0,77.0,3.0,18.0,1.0,0.0,10.0,42.0,0.0,1.0,11.0,0.0,382.0
26.0,0,1,0,1,0.0,84.0,81.0,60.0,82.0,87.0,49.0,88.0,1.0,9.0,0.0,0.0,7.0,15.0,0.0,0.0,0.0,0.0,493.0
22.0,1,1,0,1,0.0,84.0,79.0,54.0,96.0,86.0,49.0,85.0,2.0,26.0,0.0,2.0,16.0,64.0,0.0,0.0,0.0,0.0,460.0
